Morning Brief — 2026-05-07 01:06
────────────────────────────────────────────────
  Fetching Newsletters…
    → 15 articles
  Fetching Tech & Startups…
    → 15 articles
  Fetching Finance & VC…
    → 15 articles
  Fetching Macro & Economics…
    → 10 articles
  Fetching World News…
    → 5 articles
  Fetching Fashion…
    → 15 articles
  Fetching Film & Art…
    → 20 articles
  Fetching Music & Classical…
    → 5 articles
  Fetching Sports…
    → 10 articles
────────────────────────────────────────────────
✓ Dashboard saved → /Users/antoinebernard/news_dashboard/index.html
Morning Brief — 2026-05-07 08:46
────────────────────────────────────────────────
  Fetching Newsletters…
    → 15 articles
  Fetching Tech & Startups…
    → 15 articles
  Fetching Finance & VC…
    → 15 articles
  Fetching Macro & Economics…
    → 10 articles
  Fetching World News…
    → 5 articles
  Fetching Fashion…
    → 15 articles
  Fetching Film & Art…
    → 20 articles
  Fetching Music & Classical…
    → 5 articles
  Fetching Sports…
    → 10 articles
────────────────────────────────────────────────
✓ Dashboard saved → /Users/antoinebernard/news_dashboard/index.html
Morning Brief v2 — 2026-05-07 12:00
────────────────────────────────────────────────────
  Fetching Newsletters…
    → 18 articles
  Fetching Tech · Startups · VC…
    → 24 articles
  Fetching Macro · Finance · Geopolitics…
    → 24 articles
  Fetching Fashion…
    → 12 articles
  Fetching Culture…
    → 18 articles
  Fetching Sports…
    → 12 articles
  Fetching Paris — What's On…
    → 0 articles
────────────────────────────────────────────────────
✓  Saved → /Users/antoinebernard/news_dashboard/index.html
Morning Brief v3 — 2026-05-07 13:03
──────────────────────────────────────────────────────
  Fetching Telegram (AFP)…
    → 20 Telegram messages fetched
  Fetching Tech/VC…
    → 40 articles → 36 deduplicated stories
  Fetching Macro…
    → 16 articles
  Fetching Culture/Fashion…
    → 24 articles
  Fetching Sports…
    → L'Équipe: 0, BBC Sport: 8
  Fetching conflict news…
    → 44 articles for conflict matching
──────────────────────────────────────────────────────
✓  Saved → /Users/antoinebernard/news_dashboard/index.html
Morning Brief v4 2026-05-07 15:31
------------------------------------------------------------
Fetching Telegram AFP...
  Telegram fetched: 20 messages
Fetching Tech VC...
  Tech: 40 articles, 36 groups
Fetching Macro...
  Macro: 36 articles, 33 groups
Fetching Culture...
  Culture: 20 visible cards
Fetching Sports...
  L Equipe: 0, BBC Sport: 8
Fetching conflict news...
  Conflict pool: 44 articles
------------------------------------------------------------
Saved to /Users/antoinebernard/news_dashboard/index.html
Morning Brief v4 — 2026-05-07 16:31
──────────────────────────────────────────────────────
  Fetching AFP (Telegram)…
    → 30 AFP messages
  Fetching Tech/VC…
    → 50 articles → 45 stories
  Fetching Macro…
    → 21 articles
  Fetching Culture/Fashion…
    → 10 articles
  Fetching Sports…
    → L'Équipe: 0, BBC Sport: 10
  Fetching conflict news…
    → 52 articles for conflict matching
  Fetching Paris…
    → 0 Paris articles
──────────────────────────────────────────────────────
✓  Saved → /Users/antoinebernard/news_dashboard/index.html
Morning Brief v4 — 2026-05-07 17:32
──────────────────────────────────────────────────────
  Fetching AFP (Telegram)…
    → 30 AFP messages
  Fetching Tech/VC…
    → 51 articles → 46 stories
  Fetching Macro…
    → 29 articles
  Fetching Culture/Fashion…
    → 30 articles
  Fetching Sports…
    → L'Équipe: 10, BBC Sport: 10
  Fetching conflict news…
    → 50 articles for conflict matching
  Fetching Paris…
    → 10 Paris articles
──────────────────────────────────────────────────────
✓  Saved → /Users/antoinebernard/news_dashboard/index.html
Morning Brief v4 — 2026-05-07 21:12
──────────────────────────────────────────────────────
  Fetching AFP (Telegram)…
    → 30 AFP messages
  Fetching Tech/VC…
    → 52 articles → 47 stories
  Fetching Macro…
    → 30 articles
  Fetching Culture/Fashion…
    → 30 articles
  Fetching Sports…
    → L'Équipe: 10, BBC Sport: 10
  Fetching conflict news…
    → 53 articles for conflict matching
  Fetching Paris…
    → 10 Paris articles
──────────────────────────────────────────────────────
✓  Saved → /Users/antoinebernard/news_dashboard/index.html
Morning Brief v4 — 2026-05-08 05:47
──────────────────────────────────────────────────────
  Fetching AFP (Telegram)…
    → 30 AFP messages
  Fetching Tech/VC…
    → 51 articles → 46 stories
  Fetching Macro…
    → 30 articles
  Fetching Culture/Fashion…
    → 30 articles
  Fetching Sports…
    → L'Équipe: 10, BBC Sport: 10
  Fetching conflict news…
    → 58 articles for conflict matching
  Fetching Paris…
    → 10 Paris articles
──────────────────────────────────────────────────────
✓  Saved → /Users/antoinebernard/news_dashboard/index.html
Morning Brief v4 — 2026-05-08 09:50
──────────────────────────────────────────────────────
  Fetching AFP (Telegram)…
    → 30 AFP messages
  Fetching Tech/VC…
    → 50 articles → 45 stories
  Fetching Macro…
    → 30 articles
  Fetching Culture/Fashion…
    → 30 articles
  Fetching Sports…
    → L'Équipe: 10, BBC Sport: 10
  Fetching conflict news…
  ⚠  Defense News: [Errno 54] Connection reset by peer
    → 50 articles for conflict matching
  Fetching Paris…
    → 10 Paris articles
──────────────────────────────────────────────────────
✓  Saved → /Users/antoinebernard/news_dashboard/index.html
Morning Brief v4 — 2026-05-08 13:46
──────────────────────────────────────────────────────
  Fetching AFP (Telegram)…
    → 30 AFP messages
  Fetching Tech/VC…
    → 80 articles → 71 stories
  Fetching Macro…
    → 31 articles
  Fetching Culture/Fashion…
    → 30 articles
  Fetching Sports…
    → L'Équipe: 10, BBC Sport: 10
  Fetching conflict news…
    → 68 articles for conflict matching
  Fetching Paris…
    → 10 Paris articles
  Fetching Cities (Marseille & Paris)…
    → 40 city articles
──────────────────────────────────────────────────────
✓  Saved → /Users/antoinebernard/news_dashboard/index.html
Morning Brief v4 — 2026-05-08 14:46
──────────────────────────────────────────────────────
  Fetching AFP (Telegram)…
    → 30 AFP messages
  Fetching Tech/VC…
    → 17 articles → 14 stories
  Fetching Macro…
    → 25 articles
  Fetching Culture/Fashion…
    → 21 articles
  Fetching Sports…
    → L'Équipe: 10, BBC Sport: 10
  Fetching conflict news…
    → 58 articles for conflict matching
  Fetching Paris…
    → 10 Paris articles
  Fetching Cities (Marseille & Paris)…
    → 34 city articles
──────────────────────────────────────────────────────
✓  Saved → /Users/antoinebernard/news_dashboard/index.html
Morning Brief v4 — 2026-05-08 15:51
──────────────────────────────────────────────────────
  Fetching AFP (Telegram)…
    → 30 AFP messages
  Fetching Tech/VC…
    → 36 articles → 26 stories
  Fetching Macro…
    → 25 articles
  Fetching Culture/Fashion…
    → 22 articles
  Fetching Sports…
    → L'Équipe: 10, BBC Sport: 10
  Fetching conflict news…
    → 54 articles for conflict matching
  Fetching Paris…
    → 10 Paris articles
  Fetching Cities (Marseille & Paris)…
    → 35 city articles
──────────────────────────────────────────────────────
✓  Saved → /Users/antoinebernard/news_dashboard/index.html
Morning Brief v4 — 2026-05-08 16:52
──────────────────────────────────────────────────────
  Fetching AFP (Telegram)…
    → 30 AFP messages
  Fetching Tech/VC…
    → 36 articles → 26 stories
  Fetching Macro…
    → 25 articles
  Fetching Culture/Fashion…
    → 22 articles
  Fetching Sports…
    → L'Équipe: 10, BBC Sport: 10
  Fetching conflict news…
    → 57 articles for conflict matching
  Fetching Paris…
    → 10 Paris articles
  Fetching Cities (Marseille & Paris)…
    → 35 city articles
──────────────────────────────────────────────────────
✓  Saved → /Users/antoinebernard/news_dashboard/index.html
Morning Brief v4 — 2026-05-08 20:36
──────────────────────────────────────────────────────
  Fetching AFP (Telegram)…
    → 30 AFP messages
  Fetching Tech/VC…
    → 36 articles → 25 stories
  Fetching Macro…
    → 25 articles
  Fetching Culture/Fashion…
    → 22 articles
  Fetching Sports…
    → L'Équipe: 10, BBC Sport: 10
  Fetching conflict news…
    → 59 articles for conflict matching
  Fetching Paris…
    → 10 Paris articles
  Fetching Cities (Marseille & Paris)…
    → 37 city articles
──────────────────────────────────────────────────────
✓  Saved → /Users/antoinebernard/news_dashboard/index.html
Morning Brief v4 — 2026-05-09 00:57
──────────────────────────────────────────────────────
  Fetching AFP (Telegram)…
    → 30 AFP messages
  Fetching Tech/VC…
    → 37 articles → 27 stories
  Fetching Macro…
    → 25 articles
  Fetching Culture/Fashion…
    → 22 articles
  Fetching Sports…
    → L'Équipe: 10, BBC Sport: 10
  Fetching conflict news…
    → 55 articles for conflict matching
  Fetching Paris…
    → 10 Paris articles
  Fetching Cities (Marseille & Paris)…
    → 37 city articles
──────────────────────────────────────────────────────
✓  Saved → /Users/antoinebernard/news_dashboard/index.html
Morning Brief v4 — 2026-05-09 02:00
──────────────────────────────────────────────────────
  Fetching AFP (Telegram)…
    → 30 AFP messages
  Fetching Tech/VC…
    → 37 articles → 27 stories
  Fetching Macro…
    → 25 articles
  Fetching Culture/Fashion…
    → 22 articles
  Fetching Sports…
    → L'Équipe: 10, BBC Sport: 10
  Fetching conflict news…
    → 77 articles for conflict matching
  Fetching Paris…
    → 10 Paris articles
  Fetching Cities (Marseille & Paris)…
    → 37 city articles
──────────────────────────────────────────────────────
✓  Saved → /Users/antoinebernard/news_dashboard/index.html
Morning Brief v4 — 2026-05-09 03:02
──────────────────────────────────────────────────────
  Fetching AFP (Telegram)…
    → 30 AFP messages
  Fetching Tech/VC…
    → 37 articles → 27 stories
  Fetching Macro…
    → 25 articles
  Fetching Culture/Fashion…
    → 10 articles
  Fetching Sports…
    → L'Équipe: 10, BBC Sport: 10
  Fetching conflict news…
    → 92 articles for conflict matching
  Fetching Paris…
    → 10 Paris articles
  Fetching Cities (Marseille & Paris)…
    → 37 city articles
──────────────────────────────────────────────────────
✓  Saved → /Users/antoinebernard/news_dashboard/index.html
Morning Brief v4 — 2026-05-09 05:33
──────────────────────────────────────────────────────
  Fetching AFP (Telegram)…
    → 30 AFP messages
  Fetching Tech/VC…
    → 37 articles → 27 stories
  Fetching Macro…
    → 25 articles
  Fetching Culture/Fashion…
    → 10 articles
  Fetching Sports…
    → L'Équipe: 10, BBC Sport: 10
  Fetching conflict news…
    → 91 articles for conflict matching
  Fetching Paris…
    → 10 Paris articles
  Fetching Cities (Marseille & Paris)…
    → 36 city articles
──────────────────────────────────────────────────────
✓  Saved → /Users/antoinebernard/news_dashboard/index.html
Morning Brief v4 — 2026-05-09 06:34
──────────────────────────────────────────────────────
  Fetching AFP (Telegram)…
    → 30 AFP messages
  Fetching Tech/VC…
    → 37 articles → 27 stories
  Fetching Macro…
    → 25 articles
  Fetching Culture/Fashion…
    → 10 articles
  Fetching Sports…
    → L'Équipe: 10, BBC Sport: 10
  Fetching conflict news…
    → 91 articles for conflict matching
  Fetching Paris…
    → 10 Paris articles
  Fetching Cities (Marseille & Paris)…
    → 36 city articles
──────────────────────────────────────────────────────
✓  Saved → /Users/antoinebernard/news_dashboard/index.html
Morning Brief v4 — 2026-05-09 07:34
──────────────────────────────────────────────────────
  Fetching AFP (Telegram)…
    → 30 AFP messages
  Fetching Tech/VC…
    → 37 articles → 27 stories
  Fetching Macro…
    → 25 articles
  Fetching Culture/Fashion…
    → 10 articles
  Fetching Sports…
    → L'Équipe: 10, BBC Sport: 10
  Fetching conflict news…
    → 89 articles for conflict matching
  Fetching Paris…
    → 10 Paris articles
  Fetching Cities (Marseille & Paris)…
    → 36 city articles
──────────────────────────────────────────────────────
✓  Saved → /Users/antoinebernard/news_dashboard/index.html
Morning Brief v4 — 2026-05-09 08:34
──────────────────────────────────────────────────────
  Fetching AFP (Telegram)…
    → 30 AFP messages
  Fetching Tech/VC…
    → 35 articles → 26 stories
  Fetching Macro…
    → 25 articles
  Fetching Culture/Fashion…
    → 10 articles
  Fetching Sports…
    → L'Équipe: 10, BBC Sport: 10
  Fetching conflict news…
    → 87 articles for conflict matching
  Fetching Paris…
    → 10 Paris articles
  Fetching Cities (Marseille & Paris)…
    → 37 city articles
──────────────────────────────────────────────────────
✓  Saved → /Users/antoinebernard/news_dashboard/index.html
Morning Brief v4 — 2026-05-09 09:35
──────────────────────────────────────────────────────
  Fetching AFP (Telegram)…
    → 30 AFP messages
  Fetching Tech/VC…
    → 36 articles → 27 stories
  Fetching Macro…
    → 25 articles
  Fetching Culture/Fashion…
    → 10 articles
  Fetching Sports…
    → L'Équipe: 10, BBC Sport: 10
  Fetching conflict news…
    → 85 articles for conflict matching
  Fetching Paris…
    → 10 Paris articles
  Fetching Cities (Marseille & Paris)…
    → 37 city articles
──────────────────────────────────────────────────────
✓  Saved → /Users/antoinebernard/news_dashboard/index.html
Morning Brief v4 — 2026-05-09 10:35
──────────────────────────────────────────────────────
  Fetching AFP (Telegram)…
    → 30 AFP messages
  Fetching Tech/VC…
    → 37 articles → 28 stories
  Fetching Macro…
    → 25 articles
  Fetching Culture/Fashion…
    → 10 articles
  Fetching Sports…
    → L'Équipe: 10, BBC Sport: 10
  Fetching conflict news…
    → 87 articles for conflict matching
  Fetching Paris…
    → 10 Paris articles
  Fetching Cities (Marseille & Paris)…
    → 36 city articles
──────────────────────────────────────────────────────
✓  Saved → /Users/antoinebernard/news_dashboard/index.html
Morning Brief v4 — 2026-05-09 11:36
──────────────────────────────────────────────────────
  Fetching AFP (Telegram)…
    → 30 AFP messages
  Fetching Tech/VC…
    → 37 articles → 28 stories
  Fetching Macro…
    → 25 articles
  Fetching Culture/Fashion…
    → 10 articles
  Fetching Sports…
    → L'Équipe: 10, BBC Sport: 10
  Fetching conflict news…
    → 88 articles for conflict matching
  Fetching Paris…
    → 10 Paris articles
  Fetching Cities (Marseille & Paris)…
    → 36 city articles
──────────────────────────────────────────────────────
✓  Saved → /Users/antoinebernard/news_dashboard/index.html
Morning Brief v4 — 2026-05-09 12:43
──────────────────────────────────────────────────────
  Fetching AFP (Telegram)…
    → 30 AFP messages
  Fetching Tech/VC…
    → 38 articles → 29 stories
  Fetching Macro…
    → 25 articles
  Fetching Culture/Fashion…
    → 10 articles
  Fetching Sports…
    → L'Équipe: 10, BBC Sport: 10
  Fetching conflict news…
    → 83 articles for conflict matching
  Fetching Paris…
    → 10 Paris articles
  Fetching Cities (Marseille & Paris)…
    → 36 city articles
──────────────────────────────────────────────────────
✓  Saved → /Users/antoinebernard/news_dashboard/index.html
Morning Brief v4 — 2026-05-09 13:43
──────────────────────────────────────────────────────
  Fetching AFP (Telegram)…
    → 30 AFP messages
  Fetching Tech/VC…
    → 38 articles → 29 stories
  Fetching Macro…
    → 25 articles
  Fetching Culture/Fashion…
    → 30 articles
  Fetching Sports…
    → L'Équipe: 10, BBC Sport: 10
  Fetching conflict news…
    → 87 articles for conflict matching
  Fetching Paris…
    → 10 Paris articles
  Fetching Cities (Marseille & Paris)…
    → 35 city articles
──────────────────────────────────────────────────────
✓  Saved → /Users/antoinebernard/news_dashboard/index.html
Attempt 1 at connecting failed: OSError: [Errno 51] Network is unreachable
Attempt 2 at connecting failed: OSError: [Errno 51] Network is unreachable
Attempt 3 at connecting failed: OSError: [Errno 51] Network is unreachable
Attempt 4 at connecting failed: OSError: [Errno 51] Network is unreachable
Attempt 5 at connecting failed: OSError: [Errno 51] Network is unreachable
Attempt 6 at connecting failed: OSError: [Errno 51] Network is unreachable
Morning Brief v4 — 2026-05-09 18:42
──────────────────────────────────────────────────────
  Fetching AFP (Telegram)…
  ⚠  Telegram client: Connection to Telegram failed 5 time(s)
    → 0 AFP messages
  Fetching Tech/VC…
    → 0 articles → 0 stories
  Fetching Macro…
    → 0 articles
  Fetching Culture/Fashion…
    → 0 articles
  Fetching Sports…
    → L'Équipe: 0, BBC Sport: 0
  Fetching conflict news…
    → 0 articles for conflict matching
  Fetching Paris…
    → 0 Paris articles
  Fetching Cities (Marseille & Paris)…
    → 0 city articles
──────────────────────────────────────────────────────
✓  Saved → /Users/antoinebernard/news_dashboard/index.html
Morning Brief v4 — 2026-05-09 22:04
──────────────────────────────────────────────────────
  Fetching AFP (Telegram)…
    → 30 AFP messages
  Fetching Tech/VC…
    → 36 articles → 26 stories
  Fetching Macro…
    → 25 articles
  Fetching Culture/Fashion…
    → 30 articles
  Fetching Sports…
    → L'Équipe: 10, BBC Sport: 10
  Fetching conflict news…
    → 87 articles for conflict matching
  Fetching Paris…
    → 10 Paris articles
  Fetching Cities (Marseille & Paris)…
    → 36 city articles
──────────────────────────────────────────────────────
✓  Saved → /Users/antoinebernard/news_dashboard/index.html
Morning Brief v4 — 2026-05-10 05:52
──────────────────────────────────────────────────────
  Fetching AFP (Telegram)…
    → 30 AFP messages
  Fetching Tech/VC…
    → 38 articles → 27 stories
  Fetching Macro…
    → 25 articles
  Fetching Culture/Fashion…
    → 29 articles
  Fetching Sports…
    → L'Équipe: 10, BBC Sport: 10
  Fetching conflict news…
    → 90 articles for conflict matching
  Fetching Paris…
    → 10 Paris articles
  Fetching Cities (Marseille & Paris)…
    → 36 city articles
──────────────────────────────────────────────────────
✓  Saved → /Users/antoinebernard/news_dashboard/index.html
Morning Brief v4 — 2026-05-10 11:08
──────────────────────────────────────────────────────
  Fetching AFP (Telegram)…
    → 30 AFP messages
  Fetching Tech/VC…
    → 37 articles → 28 stories
  Fetching Macro…
    → 25 articles
  Fetching Culture/Fashion…
    → 30 articles
  Fetching Sports…
    → L'Équipe: 10, BBC Sport: 10
  Fetching conflict news…
    → 90 articles for conflict matching
  Fetching Paris…
    → 10 Paris articles
  Fetching Cities (Marseille & Paris)…
    → 37 city articles
──────────────────────────────────────────────────────
✓  Saved → /Users/antoinebernard/news_dashboard/index.html
Morning Brief v4 — 2026-05-10 13:03
──────────────────────────────────────────────────────
  Fetching AFP (Telegram)…
    → 30 AFP messages
  Fetching Tech/VC…
    → 36 articles → 27 stories
  Fetching Macro…
    → 25 articles
  Fetching Culture/Fashion…
    → 31 articles
  Fetching Sports…
    → L'Équipe: 10, BBC Sport: 10
  Fetching conflict news…
    → 96 articles for conflict matching
  Fetching Paris…
    → 10 Paris articles
  Fetching Cities (Marseille & Paris)…
    → 37 city articles
──────────────────────────────────────────────────────
✓  Saved → /Users/antoinebernard/news_dashboard/index.html
Morning Brief v4 — 2026-05-10 14:03
──────────────────────────────────────────────────────
  Fetching AFP (Telegram)…
    → 30 AFP messages
  Fetching Tech/VC…
    → 36 articles → 27 stories
  Fetching Macro…
    → 25 articles
  Fetching Culture/Fashion…
    → 30 articles
  Fetching Sports…
    → L'Équipe: 10, BBC Sport: 10
  Fetching conflict news…
    → 94 articles for conflict matching
  Fetching Paris…
    → 10 Paris articles
  Fetching Cities (Marseille & Paris)…
    → 38 city articles
──────────────────────────────────────────────────────
✓  Saved → /Users/antoinebernard/news_dashboard/index.html
Morning Brief v4 — 2026-05-10 15:04
──────────────────────────────────────────────────────
  Fetching AFP (Telegram)…
    → 30 AFP messages
  Fetching Tech/VC…
    → 36 articles → 27 stories
  Fetching Macro…
    → 25 articles
  Fetching Culture/Fashion…
    → 30 articles
  Fetching Sports…
    → L'Équipe: 10, BBC Sport: 10
  Fetching conflict news…
    → 95 articles for conflict matching
  Fetching Paris…
    → 9 Paris articles
  Fetching Cities (Marseille & Paris)…
    → 39 city articles
──────────────────────────────────────────────────────
✓  Saved → /Users/antoinebernard/news_dashboard/index.html
Morning Brief v4 — 2026-05-10 16:05
──────────────────────────────────────────────────────
  Fetching AFP (Telegram)…
    → 30 AFP messages
  Fetching Tech/VC…
    → 36 articles → 27 stories
  Fetching Macro…
    → 25 articles
  Fetching Culture/Fashion…
    → 30 articles
  Fetching Sports…
    → L'Équipe: 10, BBC Sport: 10
  Fetching conflict news…
    → 95 articles for conflict matching
  Fetching Paris…
    → 9 Paris articles
  Fetching Cities (Marseille & Paris)…
    → 39 city articles
──────────────────────────────────────────────────────
✓  Saved → /Users/antoinebernard/news_dashboard/index.html
Morning Brief v4 — 2026-05-10 17:05
──────────────────────────────────────────────────────
  Fetching AFP (Telegram)…
    → 30 AFP messages
  Fetching Tech/VC…
    → 37 articles → 28 stories
  Fetching Macro…
    → 25 articles
  Fetching Culture/Fashion…
    → 29 articles
  Fetching Sports…
    → L'Équipe: 10, BBC Sport: 10
  Fetching conflict news…
    → 93 articles for conflict matching
  Fetching Paris…
    → 9 Paris articles
  Fetching Cities (Marseille & Paris)…
    → 39 city articles
──────────────────────────────────────────────────────
✓  Saved → /Users/antoinebernard/news_dashboard/index.html
Morning Brief v4 — 2026-05-10 18:06
──────────────────────────────────────────────────────
  Fetching AFP (Telegram)…
    → 30 AFP messages
  Fetching Tech/VC…
    → 37 articles → 28 stories
  Fetching Macro…
    → 25 articles
  Fetching Culture/Fashion…
    → 29 articles
  Fetching Sports…
    → L'Équipe: 10, BBC Sport: 10
  Fetching conflict news…
    → 91 articles for conflict matching
  Fetching Paris…
    → 9 Paris articles
  Fetching Cities (Marseille & Paris)…
    → 39 city articles
──────────────────────────────────────────────────────
✓  Saved → /Users/antoinebernard/news_dashboard/index.html
Morning Brief v4 — 2026-05-10 19:08
──────────────────────────────────────────────────────
  Fetching AFP (Telegram)…
    → 30 AFP messages
  Fetching Tech/VC…
    → 37 articles → 28 stories
  Fetching Macro…
    → 25 articles
  Fetching Culture/Fashion…
    → 29 articles
  Fetching Sports…
    → L'Équipe: 10, BBC Sport: 10
  Fetching conflict news…
    → 91 articles for conflict matching
  Fetching Paris…
    → 9 Paris articles
  Fetching Cities (Marseille & Paris)…
    → 39 city articles
──────────────────────────────────────────────────────
✓  Saved → /Users/antoinebernard/news_dashboard/index.html
Morning Brief v4 — 2026-05-10 20:09
──────────────────────────────────────────────────────
  Fetching AFP (Telegram)…
    → 30 AFP messages
  Fetching Tech/VC…
    → 37 articles → 28 stories
  Fetching Macro…
    → 25 articles
  Fetching Culture/Fashion…
    → 29 articles
  Fetching Sports…
    → L'Équipe: 10, BBC Sport: 10
  Fetching conflict news…
    → 91 articles for conflict matching
  Fetching Paris…
    → 9 Paris articles
  Fetching Cities (Marseille & Paris)…
    → 39 city articles
──────────────────────────────────────────────────────
✓  Saved → /Users/antoinebernard/news_dashboard/index.html
Morning Brief v4 — 2026-05-10 21:12
──────────────────────────────────────────────────────
  Fetching AFP (Telegram)…
    → 30 AFP messages
  Fetching Tech/VC…
    → 38 articles → 29 stories
  Fetching Macro…
    → 25 articles
  Fetching Culture/Fashion…
    → 29 articles
  Fetching Sports…
    → L'Équipe: 10, BBC Sport: 10
  Fetching conflict news…
    → 93 articles for conflict matching
  Fetching Paris…
    → 9 Paris articles
  Fetching Cities (Marseille & Paris)…
    → 39 city articles
──────────────────────────────────────────────────────
✓  Saved → /Users/antoinebernard/news_dashboard/index.html
Morning Brief v4 — 2026-05-10 22:29
──────────────────────────────────────────────────────
  Fetching AFP (Telegram)…
    → 30 AFP messages
  Fetching Tech/VC…
    → 38 articles → 29 stories
  Fetching Macro…
    → 25 articles
  Fetching Culture/Fashion…
    → 29 articles
  Fetching Sports…
    → L'Équipe: 10, BBC Sport: 10
  Fetching conflict news…
    → 93 articles for conflict matching
  Fetching Paris…
    → 9 Paris articles
  Fetching Cities (Marseille & Paris)…
    → 37 city articles
──────────────────────────────────────────────────────
✓  Saved → /Users/antoinebernard/news_dashboard/index.html
Morning Brief v4 — 2026-05-10 23:30
──────────────────────────────────────────────────────
  Fetching AFP (Telegram)…
    → 30 AFP messages
  Fetching Tech/VC…
    → 38 articles → 29 stories
  Fetching Macro…
    → 25 articles
  Fetching Culture/Fashion…
    → 29 articles
  Fetching Sports…
    → L'Équipe: 10, BBC Sport: 10
  Fetching conflict news…
    → 90 articles for conflict matching
  Fetching Paris…
    → 9 Paris articles
  Fetching Cities (Marseille & Paris)…
    → 38 city articles
──────────────────────────────────────────────────────
✓  Saved → /Users/antoinebernard/news_dashboard/index.html
Morning Brief v4 — 2026-05-11 02:30
──────────────────────────────────────────────────────
  Fetching AFP (Telegram)…
    → 30 AFP messages
  Fetching Tech/VC…
    → 37 articles → 28 stories
  Fetching Macro…
    → 25 articles
  Fetching Culture/Fashion…
  ⚠  NSS Magazine: [Errno 54] Connection reset by peer
    → 28 articles
  Fetching Sports…
    → L'Équipe: 10, BBC Sport: 10
  Fetching conflict news…
  ⚠  GN Sahel: [Errno 60] Operation timed out
  ⚠  GN SCS: [Errno 54] Connection reset by peer
    → 79 articles for conflict matching
  Fetching Paris…
    → 9 Paris articles
  Fetching Cities (Marseille & Paris)…
    → 38 city articles
──────────────────────────────────────────────────────
✓  Saved → /Users/antoinebernard/news_dashboard/index.html
Morning Brief v4 — 2026-05-11 15:02
──────────────────────────────────────────────────────
  Fetching AFP (Telegram)…
    → 30 AFP messages
  Fetching Tech/VC…
    → 38 articles → 30 stories
  Fetching Macro…
    → 25 articles
  Fetching Culture/Fashion…
    → 31 articles
  Fetching Sports…
    → L'Équipe: 10, BBC Sport: 10
  Fetching conflict news…
    → 86 articles for conflict matching
  Fetching Paris…
    → 9 Paris articles
  Fetching Cities (Marseille & Paris)…
    → 38 city articles
──────────────────────────────────────────────────────
✓  Saved → /Users/antoinebernard/news_dashboard/index.html
Morning Brief v4 — 2026-05-11 16:03
──────────────────────────────────────────────────────
  Fetching AFP (Telegram)…
    → 30 AFP messages
  Fetching Tech/VC…
    → 37 articles → 29 stories
  Fetching Macro…
    → 25 articles
  Fetching Culture/Fashion…
    → 32 articles
  Fetching Sports…
    → L'Équipe: 10, BBC Sport: 10
  Fetching conflict news…
    → 85 articles for conflict matching
  Fetching Paris…
    → 10 Paris articles
  Fetching Cities (Marseille & Paris)…
    → 38 city articles
──────────────────────────────────────────────────────
✓  Saved → /Users/antoinebernard/news_dashboard/index.html
Morning Brief v4 — 2026-05-11 17:07
──────────────────────────────────────────────────────
  Fetching AFP (Telegram)…
Please enter your phone (or bot token):   ⚠  Telegram client: EOF when reading a line
    → 0 AFP messages
  Fetching Tech/VC…
    → 36 articles → 29 stories
  Fetching Macro…
    → 25 articles
  Fetching Culture/Fashion…
    → 32 articles
  Fetching Sports…
    → L'Équipe: 10, BBC Sport: 10
  Fetching conflict news…
    → 82 articles for conflict matching
  Fetching Paris…
    → 10 Paris articles
  Fetching Cities (Marseille & Paris)…
    → 38 city articles
──────────────────────────────────────────────────────
✓  Saved → /Users/antoinebernard/news_dashboard/index.html
Morning Brief v4 — 2026-05-12 09:06
──────────────────────────────────────────────────────
  Fetching AFP (Telegram)…
Please enter your phone (or bot token):   ⚠  Telegram client: EOF when reading a line
    → 0 AFP messages
  Fetching Tech/VC…
    → 36 articles → 28 stories
  Fetching Macro…
    → 25 articles
  Fetching Culture/Fashion…
    → 32 articles
  Fetching Sports…
    → L'Équipe: 10, BBC Sport: 10
  Fetching conflict news…
    → 87 articles for conflict matching
  Fetching Paris…
    → 10 Paris articles
  Fetching Cities (Marseille & Paris)…
    → 35 city articles
──────────────────────────────────────────────────────
✓  Saved → /Users/antoinebernard/news_dashboard/index.html
Morning Brief v4 — 2026-05-12 10:07
──────────────────────────────────────────────────────
  Fetching AFP (Telegram)…
Please enter your phone (or bot token):   ⚠  Telegram client: EOF when reading a line
    → 0 AFP messages
  Fetching Tech/VC…
    → 36 articles → 27 stories
  Fetching Macro…
    → 25 articles
  Fetching Culture/Fashion…
    → 32 articles
  Fetching Sports…
    → L'Équipe: 10, BBC Sport: 10
  Fetching conflict news…
    → 86 articles for conflict matching
  Fetching Paris…
    → 10 Paris articles
  Fetching Cities (Marseille & Paris)…
    → 37 city articles
──────────────────────────────────────────────────────
✓  Saved → /Users/antoinebernard/news_dashboard/index.html
Morning Brief v4 — 2026-05-12 11:10
──────────────────────────────────────────────────────
  Fetching AFP (Telegram)…
Please enter your phone (or bot token):   ⚠  Telegram client: EOF when reading a line
    → 0 AFP messages
  Fetching Tech/VC…
    → 36 articles → 27 stories
  Fetching Macro…
    → 25 articles
  Fetching Culture/Fashion…
    → 32 articles
  Fetching Sports…
    → L'Équipe: 10, BBC Sport: 10
  Fetching conflict news…
    → 89 articles for conflict matching
  Fetching Paris…
    → 10 Paris articles
  Fetching Cities (Marseille & Paris)…
    → 37 city articles
──────────────────────────────────────────────────────
✓  Saved → /Users/antoinebernard/news_dashboard/index.html
Morning Brief v4 — 2026-05-12 12:11
──────────────────────────────────────────────────────
  Fetching AFP (Telegram)…
Please enter your phone (or bot token):   ⚠  Telegram client: EOF when reading a line
    → 0 AFP messages
  Fetching Tech/VC…
    → 36 articles → 27 stories
  Fetching Macro…
    → 24 articles
  Fetching Culture/Fashion…
    → 32 articles
  Fetching Sports…
    → L'Équipe: 10, BBC Sport: 10
  Fetching conflict news…
    → 86 articles for conflict matching
  Fetching Paris…
    → 10 Paris articles
  Fetching Cities (Marseille & Paris)…
    → 36 city articles
──────────────────────────────────────────────────────
✓  Saved → /Users/antoinebernard/news_dashboard/index.html
Morning Brief v4 — 2026-05-12 13:22
──────────────────────────────────────────────────────
  Fetching AFP (Telegram)…
Please enter your phone (or bot token):   ⚠  Telegram client: EOF when reading a line
    → 0 AFP messages
  Fetching Tech/VC…
    → 36 articles → 27 stories
  Fetching Macro…
    → 24 articles
  Fetching Culture/Fashion…
    → 32 articles
  Fetching Sports…
    → L'Équipe: 10, BBC Sport: 10
  Fetching conflict news…
    → 86 articles for conflict matching
  Fetching Paris…
    → 10 Paris articles
  Fetching Cities (Marseille & Paris)…
    → 36 city articles
──────────────────────────────────────────────────────
✓  Saved → /Users/antoinebernard/news_dashboard/index.html
Morning Brief v4 — 2026-05-12 14:25
──────────────────────────────────────────────────────
  Fetching AFP (Telegram)…
Please enter your phone (or bot token):   ⚠  Telegram client: EOF when reading a line
    → 0 AFP messages
  Fetching Tech/VC…
    → 36 articles → 30 stories
  Fetching Macro…
    → 24 articles
  Fetching Culture/Fashion…
    → 32 articles
  Fetching Sports…
    → L'Équipe: 10, BBC Sport: 10
  Fetching conflict news…
    → 88 articles for conflict matching
  Fetching Paris…
    → 10 Paris articles
  Fetching Cities (Marseille & Paris)…
    → 36 city articles
──────────────────────────────────────────────────────
✓  Saved → /Users/antoinebernard/news_dashboard/index.html
Morning Brief v4 — 2026-05-12 15:35
──────────────────────────────────────────────────────
  Fetching AFP (Telegram)…
  ⚠  Telegram https://t.me/+5VtjHHeuarNjYTBk: The API access for bot users is restricted. The method you tried to invoke cannot be executed as a bot (caused by CheckChatInviteRequest)
    → 0 AFP messages
  Fetching Tech/VC…
    → 37 articles → 29 stories
  Fetching Macro…
    → 24 articles
  Fetching Culture/Fashion…
    → 31 articles
  Fetching Sports…
    → L'Équipe: 10, BBC Sport: 10
  Fetching conflict news…
    → 87 articles for conflict matching
  Fetching Paris…
    → 10 Paris articles
  Fetching Cities (Marseille & Paris)…
    → 36 city articles
  Fetching calendar event news…
    → event news: F1 Season 2026
    → event news: The Masters
    → event news: Coachella
    → event news: Venice Biennale
    → event news: Met Gala
    → event news: Frieze New York
    → event news: European Aquatics Champs
    → event news: Cannes Film Festival
    → event news: UEFA Europa League Final
    → event news: F1 Monaco GP
    → event news: Roland Garros
    → event news: UEFA Champions League Final
    → event news: Epsom Derby
    → event news: Prix du Jockey Club
    → event news: FIFA World Cup 2026
    → event news: Vivatech Paris
    → event news: G7 Summit
    → event news: Royal Ascot
    → event news: Art Basel Basel
    → event news: US Open Golf
    → event news: Paris Men's Fashion Week
    → event news: Glastonbury
    → event news: Wimbledon
    → event news: Henley Royal Regatta
    → event news: Tour de France
    → event news: F1 British GP (Silverstone)
    → event news: Haute Couture FW
    → event news: The Open Championship
    → event news: World Aquatics Champs
    → event news: Rolex Fastnet Race
    → 30 events with coverage
──────────────────────────────────────────────────────
✓  Saved → /Users/antoinebernard/news_dashboard/index.html
Morning Brief v4 — 2026-05-12 16:36
──────────────────────────────────────────────────────
  Fetching AFP (Telegram)…
  ⚠  Telegram https://t.me/+5VtjHHeuarNjYTBk: The API access for bot users is restricted. The method you tried to invoke cannot be executed as a bot (caused by CheckChatInviteRequest)
    → 0 AFP messages
  Fetching Tech/VC…
    → 36 articles → 28 stories
  Fetching Macro…
    → 24 articles
  Fetching Culture/Fashion…
    → 32 articles
  Fetching Sports…
    → L'Équipe: 10, BBC Sport: 10
  Fetching conflict news…
    → 86 articles for conflict matching
  Fetching Paris…
    → 10 Paris articles
  Fetching Cities (Marseille & Paris)…
    → 36 city articles
  Fetching calendar event news…
    → event news: F1 Season 2026
    → event news: The Masters
    → event news: Coachella
    → event news: Venice Biennale
    → event news: Met Gala
    → event news: Frieze New York
    → event news: European Aquatics Champs
    → event news: Cannes Film Festival
    → event news: UEFA Europa League Final
    → event news: F1 Monaco GP
    → event news: Roland Garros
    → event news: UEFA Champions League Final
    → event news: Epsom Derby
    → event news: Prix du Jockey Club
    → event news: FIFA World Cup 2026
    → event news: Vivatech Paris
    → event news: G7 Summit
    → event news: Royal Ascot
    → event news: Art Basel Basel
    → event news: US Open Golf
    → event news: Paris Men's Fashion Week
    → event news: Glastonbury
    → event news: Wimbledon
    → event news: Henley Royal Regatta
    → event news: Tour de France
    → event news: F1 British GP (Silverstone)
    → event news: Haute Couture FW
    → event news: The Open Championship
    → event news: World Aquatics Champs
    → event news: Rolex Fastnet Race
    → 30 events with coverage
──────────────────────────────────────────────────────
✓  Saved → /Users/antoinebernard/news_dashboard/index.html
Morning Brief v4 — 2026-05-12 17:37
──────────────────────────────────────────────────────
  Fetching AFP (Telegram)…
  ⚠  Telegram https://t.me/+5VtjHHeuarNjYTBk: The API access for bot users is restricted. The method you tried to invoke cannot be executed as a bot (caused by CheckChatInviteRequest)
    → 0 AFP messages
  Fetching Tech/VC…
    → 36 articles → 28 stories
  Fetching Macro…
    → 24 articles
  Fetching Culture/Fashion…
    → 31 articles
  Fetching Sports…
    → L'Équipe: 10, BBC Sport: 10
  Fetching conflict news…
    → 86 articles for conflict matching
  Fetching Paris…
    → 10 Paris articles
  Fetching Cities (Marseille & Paris)…
    → 36 city articles
  Fetching calendar event news…
    → event news: F1 Season 2026
    → event news: The Masters
    → event news: Coachella
    → event news: Venice Biennale
    → event news: Met Gala
    → event news: Frieze New York
    → event news: European Aquatics Champs
    → event news: Cannes Film Festival
    → event news: UEFA Europa League Final
    → event news: F1 Monaco GP
    → event news: Roland Garros
    → event news: UEFA Champions League Final
    → event news: Epsom Derby
    → event news: Prix du Jockey Club
    → event news: FIFA World Cup 2026
    → event news: Vivatech Paris
    → event news: G7 Summit
    → event news: Royal Ascot
    → event news: Art Basel Basel
    → event news: US Open Golf
    → event news: Paris Men's Fashion Week
    → event news: Glastonbury
    → event news: Wimbledon
    → event news: Henley Royal Regatta
    → event news: Tour de France
    → event news: F1 British GP (Silverstone)
    → event news: Haute Couture FW
    → event news: The Open Championship
    → event news: World Aquatics Champs
    → event news: Rolex Fastnet Race
    → 30 events with coverage
──────────────────────────────────────────────────────
✓  Saved → /Users/antoinebernard/news_dashboard/index.html
Morning Brief v4 — 2026-05-12 18:38
──────────────────────────────────────────────────────
  Fetching AFP (Telegram)…
  ⚠  Telegram https://t.me/+5VtjHHeuarNjYTBk: The API access for bot users is restricted. The method you tried to invoke cannot be executed as a bot (caused by CheckChatInviteRequest)
    → 0 AFP messages
  Fetching Tech/VC…
    → 36 articles → 28 stories
  Fetching Macro…
    → 24 articles
  Fetching Culture/Fashion…
    → 30 articles
  Fetching Sports…
    → L'Équipe: 10, BBC Sport: 10
  Fetching conflict news…
    → 85 articles for conflict matching
  Fetching Paris…
    → 9 Paris articles
  Fetching Cities (Marseille & Paris)…
    → 36 city articles
  Fetching calendar event news…
    → event news: F1 Season 2026
    → event news: The Masters
    → event news: Coachella
    → event news: Venice Biennale
    → event news: Met Gala
    → event news: Frieze New York
    → event news: European Aquatics Champs
    → event news: Cannes Film Festival
    → event news: UEFA Europa League Final
    → event news: F1 Monaco GP
    → event news: Roland Garros
    → event news: UEFA Champions League Final
    → event news: Epsom Derby
    → event news: Prix du Jockey Club
    → event news: FIFA World Cup 2026
    → event news: Vivatech Paris
    → event news: G7 Summit
    → event news: Royal Ascot
    → event news: Art Basel Basel
    → event news: US Open Golf
    → event news: Paris Men's Fashion Week
    → event news: Glastonbury
    → event news: Wimbledon
    → event news: Henley Royal Regatta
    → event news: Tour de France
    → event news: F1 British GP (Silverstone)
    → event news: Haute Couture FW
    → event news: The Open Championship
    → event news: World Aquatics Champs
    → event news: Rolex Fastnet Race
    → 30 events with coverage
──────────────────────────────────────────────────────
✓  Saved → /Users/antoinebernard/news_dashboard/index.html
Morning Brief v4 — 2026-05-12 21:51
──────────────────────────────────────────────────────
  Fetching AFP (Telegram)…
  ⚠  Telegram https://t.me/+5VtjHHeuarNjYTBk: The API access for bot users is restricted. The method you tried to invoke cannot be executed as a bot (caused by CheckChatInviteRequest)
    → 0 AFP messages
  Fetching Tech/VC…
    → 36 articles → 27 stories
  Fetching Macro…
    → 24 articles
  Fetching Culture/Fashion…
    → 30 articles
  Fetching Sports…
    → L'Équipe: 10, BBC Sport: 10
  Fetching conflict news…
    → 86 articles for conflict matching
  Fetching Paris…
    → 9 Paris articles
  Fetching Cities (Marseille & Paris)…
    → 36 city articles
  Fetching calendar event news…
    → event news: F1 Season 2026
    → event news: The Masters
    → event news: Coachella
    → event news: Venice Biennale
    → event news: Met Gala
    → event news: Frieze New York
    → event news: European Aquatics Champs
    → event news: Cannes Film Festival
    → event news: UEFA Europa League Final
    → event news: F1 Monaco GP
    → event news: Roland Garros
    → event news: UEFA Champions League Final
    → event news: Epsom Derby
    → event news: Prix du Jockey Club
    → event news: FIFA World Cup 2026
    → event news: Vivatech Paris
    → event news: G7 Summit
    → event news: Royal Ascot
    → event news: Art Basel Basel
    → event news: US Open Golf
    → event news: Paris Men's Fashion Week
    → event news: Glastonbury
    → event news: Wimbledon
    → event news: Henley Royal Regatta
    → event news: Tour de France
    → event news: F1 British GP (Silverstone)
    → event news: Haute Couture FW
    → event news: The Open Championship
    → event news: World Aquatics Champs
    → event news: Rolex Fastnet Race
    → 30 events with coverage
──────────────────────────────────────────────────────
✓  Saved → /Users/antoinebernard/news_dashboard/index.html
Morning Brief v4 — 2026-05-12 22:52
──────────────────────────────────────────────────────
  Fetching AFP (Telegram)…
  ⚠  Telegram https://t.me/+5VtjHHeuarNjYTBk: The API access for bot users is restricted. The method you tried to invoke cannot be executed as a bot (caused by CheckChatInviteRequest)
    → 0 AFP messages
  Fetching Tech/VC…
    → 36 articles → 26 stories
  Fetching Macro…
    → 24 articles
  Fetching Culture/Fashion…
    → 30 articles
  Fetching Sports…
    → L'Équipe: 10, BBC Sport: 10
  Fetching conflict news…
    → 87 articles for conflict matching
  Fetching Paris…
    → 9 Paris articles
  Fetching Cities (Marseille & Paris)…
    → 37 city articles
  Fetching calendar event news…
    → event news: F1 Season 2026
    → event news: The Masters
    → event news: Coachella
    → event news: Venice Biennale
    → event news: Met Gala
    → event news: Frieze New York
    → event news: European Aquatics Champs
    → event news: Cannes Film Festival
    → event news: UEFA Europa League Final
    → event news: F1 Monaco GP
    → event news: Roland Garros
    → event news: UEFA Champions League Final
    → event news: Epsom Derby
    → event news: Prix du Jockey Club
    → event news: FIFA World Cup 2026
    → event news: Vivatech Paris
    → event news: G7 Summit
    → event news: Royal Ascot
    → event news: Art Basel Basel
    → event news: US Open Golf
    → event news: Paris Men's Fashion Week
    → event news: Glastonbury
    → event news: Wimbledon
    → event news: Henley Royal Regatta
    → event news: Tour de France
    → event news: F1 British GP (Silverstone)
    → event news: Haute Couture FW
    → event news: The Open Championship
    → event news: World Aquatics Champs
    → event news: Rolex Fastnet Race
    → 30 events with coverage
──────────────────────────────────────────────────────
✓  Saved → /Users/antoinebernard/news_dashboard/index.html
Morning Brief v4 — 2026-05-12 23:53
──────────────────────────────────────────────────────
  Fetching AFP (Telegram)…
  ⚠  Telegram https://t.me/+5VtjHHeuarNjYTBk: The API access for bot users is restricted. The method you tried to invoke cannot be executed as a bot (caused by CheckChatInviteRequest)
    → 0 AFP messages
  Fetching Tech/VC…
    → 36 articles → 26 stories
  Fetching Macro…
    → 24 articles
  Fetching Culture/Fashion…
    → 30 articles
  Fetching Sports…
    → L'Équipe: 10, BBC Sport: 10
  Fetching conflict news…
    → 87 articles for conflict matching
  Fetching Paris…
    → 9 Paris articles
  Fetching Cities (Marseille & Paris)…
    → 37 city articles
  Fetching calendar event news…
    → event news: F1 Season 2026
    → event news: The Masters
    → event news: Coachella
    → event news: Venice Biennale
    → event news: Met Gala
    → event news: Frieze New York
    → event news: European Aquatics Champs
    → event news: Cannes Film Festival
    → event news: UEFA Europa League Final
    → event news: F1 Monaco GP
    → event news: Roland Garros
    → event news: UEFA Champions League Final
    → event news: Epsom Derby
    → event news: Prix du Jockey Club
    → event news: FIFA World Cup 2026
    → event news: Vivatech Paris
    → event news: G7 Summit
    → event news: Royal Ascot
    → event news: Art Basel Basel
    → event news: US Open Golf
    → event news: Paris Men's Fashion Week
    → event news: Glastonbury
    → event news: Wimbledon
    → event news: Henley Royal Regatta
    → event news: Tour de France
    → event news: F1 British GP (Silverstone)
    → event news: Haute Couture FW
    → event news: The Open Championship
    → event news: World Aquatics Champs
    → event news: Rolex Fastnet Race
    → 30 events with coverage
──────────────────────────────────────────────────────
✓  Saved → /Users/antoinebernard/news_dashboard/index.html
Morning Brief v4 — 2026-05-13 04:06
──────────────────────────────────────────────────────
  Fetching AFP (Telegram)…
  ⚠  Telegram https://t.me/+5VtjHHeuarNjYTBk: The API access for bot users is restricted. The method you tried to invoke cannot be executed as a bot (caused by CheckChatInviteRequest)
    → 0 AFP messages
  Fetching Tech/VC…
  ⚠  Les Echos Start: [Errno 60] Operation timed out
    → 28 articles → 19 stories
  Fetching Macro…
    → 24 articles
  Fetching Culture/Fashion…
    → 29 articles
  Fetching Sports…
    → L'Équipe: 10, BBC Sport: 10
  Fetching conflict news…
    → 88 articles for conflict matching
  Fetching Paris…
    → 9 Paris articles
  Fetching Cities (Marseille & Paris)…
    → 38 city articles
  Fetching calendar event news…
    → event news: F1 Season 2026
    → event news: Coachella
    → event news: Venice Biennale
    → event news: Met Gala
    → event news: Frieze New York
    → event news: European Aquatics Champs
    → event news: Cannes Film Festival
    → event news: UEFA Europa League Final
    → event news: F1 Monaco GP
    → event news: Roland Garros
    → event news: UEFA Champions League Final
    → event news: Epsom Derby
    → event news: Prix du Jockey Club
    → event news: FIFA World Cup 2026
    → event news: Vivatech Paris
    → event news: G7 Summit
    → event news: Royal Ascot
    → event news: Art Basel Basel
    → event news: US Open Golf
    → event news: Paris Men's Fashion Week
    → event news: Glastonbury
    → event news: Wimbledon
    → event news: Henley Royal Regatta
    → event news: Tour de France
    → event news: F1 British GP (Silverstone)
    → event news: Haute Couture FW
    → event news: The Open Championship
    → event news: World Aquatics Champs
    → event news: Rolex Fastnet Race
    → 29 events with coverage
──────────────────────────────────────────────────────
✓  Saved → /Users/antoinebernard/news_dashboard/index.html
Morning Brief v4 — 2026-05-13 16:10
──────────────────────────────────────────────────────
  Fetching AFP (Telegram)…
  ⚠  Telegram https://t.me/+5VtjHHeuarNjYTBk: The API access for bot users is restricted. The method you tried to invoke cannot be executed as a bot (caused by CheckChatInviteRequest)
    → 0 AFP messages
  Fetching Tech/VC…
    → 37 articles → 25 stories
  Fetching Macro…
    → 24 articles
  Fetching Culture/Fashion…
    → 29 articles
  Fetching Sports…
    → L'Équipe: 10, BBC Sport: 10
  Fetching conflict news…
    → 88 articles for conflict matching
  Fetching Paris…
    → 9 Paris articles
  Fetching Cities (Marseille & Paris)…
    → 37 city articles
  Fetching calendar event news…
    → event news: F1 Season 2026
    → event news: Coachella
    → event news: Venice Biennale
    → event news: Met Gala
    → event news: Frieze New York
    → event news: European Aquatics Champs
    → event news: Cannes Film Festival
    → event news: UEFA Europa League Final
    → event news: F1 Monaco GP
    → event news: Roland Garros
    → event news: UEFA Champions League Final
    → event news: Epsom Derby
    → event news: Prix du Jockey Club
    → event news: FIFA World Cup 2026
    → event news: Vivatech Paris
    → event news: G7 Summit
    → event news: Royal Ascot
    → event news: Art Basel Basel
    → event news: US Open Golf
    → event news: Paris Men's Fashion Week
    → event news: Glastonbury
    → event news: Wimbledon
    → event news: Henley Royal Regatta
    → event news: Tour de France
    → event news: F1 British GP (Silverstone)
    → event news: Haute Couture FW
    → event news: The Open Championship
    → event news: World Aquatics Champs
    → event news: Rolex Fastnet Race
    → 29 events with coverage
──────────────────────────────────────────────────────
✓  Saved → /Users/antoinebernard/news_dashboard/index.html
Morning Brief v4 — 2026-05-13 19:53
──────────────────────────────────────────────────────
  Fetching AFP (Telegram)…
  ⚠  Telegram https://t.me/+5VtjHHeuarNjYTBk: The API access for bot users is restricted. The method you tried to invoke cannot be executed as a bot (caused by CheckChatInviteRequest)
    → 0 AFP messages
  Fetching Tech/VC…
    → 39 articles → 28 stories
  Fetching Macro…
    → 24 articles
  Fetching Culture/Fashion…
    → 29 articles
  Fetching Sports…
    → L'Équipe: 10, BBC Sport: 10
  Fetching conflict news…
  ⚠  GN Haiti: [Errno 54] Connection reset by peer
    → 79 articles for conflict matching
  Fetching Paris…
    → 9 Paris articles
  Fetching Cities (Marseille & Paris)…
    → 36 city articles
  Fetching calendar event news…
    → event news: F1 Season 2026
    → event news: Coachella
    → event news: Venice Biennale
  ⚠  event news (Venice Biennale): [Errno 60] Operation timed out
    → event news: Met Gala
    → event news: Frieze New York
    → event news: European Aquatics Champs
    → event news: Cannes Film Festival
    → event news: UEFA Europa League Final
    → event news: F1 Monaco GP
    → event news: Roland Garros
    → event news: UEFA Champions League Final
    → event news: Epsom Derby
    → event news: Prix du Jockey Club
    → event news: FIFA World Cup 2026
    → event news: Vivatech Paris
    → event news: G7 Summit
    → event news: Royal Ascot
    → event news: Art Basel Basel
    → event news: US Open Golf
    → event news: Paris Men's Fashion Week
    → event news: Glastonbury
    → event news: Wimbledon
    → event news: Henley Royal Regatta
    → event news: Tour de France
    → event news: F1 British GP (Silverstone)
    → event news: Haute Couture FW
    → event news: The Open Championship
    → event news: World Aquatics Champs
    → event news: Rolex Fastnet Race
    → 28 events with coverage
──────────────────────────────────────────────────────
✓  Saved → /Users/antoinebernard/news_dashboard/index.html
Morning Brief v4 — 2026-05-14 16:09
──────────────────────────────────────────────────────
  Fetching AFP (Telegram)…
  ⚠  Telegram https://t.me/+5VtjHHeuarNjYTBk: The API access for bot users is restricted. The method you tried to invoke cannot be executed as a bot (caused by CheckChatInviteRequest)
    → 0 AFP messages
  Fetching Tech/VC…
    → 36 articles → 28 stories
  Fetching Macro…
    → 24 articles
  Fetching Culture/Fashion…
    → 31 articles
  Fetching Sports…
    → L'Équipe: 10, BBC Sport: 10
  Fetching conflict news…
    → 88 articles for conflict matching
  Fetching Paris…
    → 10 Paris articles
  Fetching Cities (Marseille & Paris)…
    → 34 city articles
  Fetching calendar event news…
    → event news: F1 Season 2026
    → event news: Coachella
    → event news: Venice Biennale
    → event news: Met Gala
    → event news: Frieze New York
    → event news: European Aquatics Champs
    → event news: Cannes Film Festival
    → event news: UEFA Europa League Final
    → event news: F1 Monaco GP
    → event news: Roland Garros
    → event news: UEFA Champions League Final
    → event news: Epsom Derby
    → event news: Prix du Jockey Club
    → event news: FIFA World Cup 2026
    → event news: Vivatech Paris
    → event news: G7 Summit
    → event news: Royal Ascot
    → event news: Art Basel Basel
    → event news: US Open Golf
    → event news: Paris Men's Fashion Week
    → event news: Glastonbury
    → event news: Wimbledon
    → event news: Henley Royal Regatta
    → event news: Tour de France
    → event news: F1 British GP (Silverstone)
    → event news: Haute Couture FW
    → event news: The Open Championship
    → event news: World Aquatics Champs
    → event news: Rolex Fastnet Race
    → 29 events with coverage
──────────────────────────────────────────────────────
✓  Saved → /Users/antoinebernard/news_dashboard/index.html
Attempt 1 at connecting failed: OSError: [Errno 51] Network is unreachable
Attempt 2 at connecting failed: OSError: [Errno 51] Network is unreachable
Attempt 3 at connecting failed: OSError: [Errno 51] Network is unreachable
Attempt 4 at connecting failed: OSError: [Errno 51] Network is unreachable
Attempt 5 at connecting failed: OSError: [Errno 51] Network is unreachable
Attempt 6 at connecting failed: OSError: [Errno 51] Network is unreachable
Morning Brief v4 — 2026-05-14 17:16
──────────────────────────────────────────────────────
  Fetching AFP (Telegram)…
  ⚠  Telegram client: Connection to Telegram failed 5 time(s)
    → 0 AFP messages
  Fetching Tech/VC…
    → 0 articles → 0 stories
  Fetching Macro…
    → 0 articles
  Fetching Culture/Fashion…
    → 0 articles
  Fetching Sports…
    → L'Équipe: 0, BBC Sport: 0
  Fetching conflict news…
    → 0 articles for conflict matching
  Fetching Paris…
    → 0 Paris articles
  Fetching Cities (Marseille & Paris)…
    → 0 city articles
  Fetching calendar event news…
    → event news: F1 Season 2026
    → event news: Coachella
    → event news: Venice Biennale
    → event news: Met Gala
    → event news: Frieze New York
    → event news: European Aquatics Champs
    → event news: Cannes Film Festival
    → event news: UEFA Europa League Final
    → event news: F1 Monaco GP
    → event news: Roland Garros
    → event news: UEFA Champions League Final
    → event news: Epsom Derby
    → event news: Prix du Jockey Club
    → event news: FIFA World Cup 2026
    → event news: Vivatech Paris
    → event news: G7 Summit
    → event news: Royal Ascot
    → event news: Art Basel Basel
    → event news: US Open Golf
    → event news: Paris Men's Fashion Week
    → event news: Glastonbury
    → event news: Wimbledon
    → event news: Henley Royal Regatta
    → event news: Tour de France
    → event news: F1 British GP (Silverstone)
    → event news: Haute Couture FW
    → event news: The Open Championship
    → event news: World Aquatics Champs
    → event news: Rolex Fastnet Race
    → 0 events with coverage
──────────────────────────────────────────────────────
✓  Saved → /Users/antoinebernard/news_dashboard/index.html
Morning Brief v4 — 2026-05-14 19:02
──────────────────────────────────────────────────────
  Fetching AFP (Telegram)…
  ⚠  Telegram https://t.me/+5VtjHHeuarNjYTBk: The API access for bot users is restricted. The method you tried to invoke cannot be executed as a bot (caused by CheckChatInviteRequest)
    → 0 AFP messages
  Fetching Tech/VC…
    → 35 articles → 27 stories
  Fetching Macro…
    → 24 articles
  Fetching Culture/Fashion…
    → 30 articles
  Fetching Sports…
    → L'Équipe: 10, BBC Sport: 10
  Fetching conflict news…
    → 89 articles for conflict matching
  Fetching Paris…
    → 9 Paris articles
  Fetching Cities (Marseille & Paris)…
    → 35 city articles
  Fetching calendar event news…
    → event news: F1 Season 2026
    → event news: Coachella
    → event news: Venice Biennale
    → event news: Met Gala
    → event news: Frieze New York
    → event news: European Aquatics Champs
    → event news: Cannes Film Festival
    → event news: UEFA Europa League Final
    → event news: F1 Monaco GP
    → event news: Roland Garros
    → event news: UEFA Champions League Final
    → event news: Epsom Derby
    → event news: Prix du Jockey Club
    → event news: FIFA World Cup 2026
    → event news: Vivatech Paris
    → event news: G7 Summit
    → event news: Royal Ascot
    → event news: Art Basel Basel
    → event news: US Open Golf
    → event news: Paris Men's Fashion Week
    → event news: Glastonbury
    → event news: Wimbledon
    → event news: Henley Royal Regatta
    → event news: Tour de France
    → event news: F1 British GP (Silverstone)
    → event news: Haute Couture FW
    → event news: The Open Championship
    → event news: World Aquatics Champs
    → event news: Rolex Fastnet Race
    → 29 events with coverage
──────────────────────────────────────────────────────
✓  Saved → /Users/antoinebernard/news_dashboard/index.html
Morning Brief v4 — 2026-05-14 22:33
──────────────────────────────────────────────────────
  Fetching AFP (Telegram)…
  ⚠  Telegram https://t.me/+5VtjHHeuarNjYTBk: The API access for bot users is restricted. The method you tried to invoke cannot be executed as a bot (caused by CheckChatInviteRequest)
    → 0 AFP messages
  Fetching Tech/VC…
    → 36 articles → 27 stories
  Fetching Macro…
    → 24 articles
  Fetching Culture/Fashion…
    → 31 articles
  Fetching Sports…
    → L'Équipe: 10, BBC Sport: 10
  Fetching conflict news…
    → 88 articles for conflict matching
  Fetching Paris…
    → 10 Paris articles
  Fetching Cities (Marseille & Paris)…
    → 35 city articles
  Fetching calendar event news…
    → event news: F1 Season 2026
    → event news: Coachella
    → event news: Venice Biennale
    → event news: Met Gala
    → event news: Frieze New York
    → event news: European Aquatics Champs
    → event news: Cannes Film Festival
    → event news: UEFA Europa League Final
    → event news: F1 Monaco GP
    → event news: Roland Garros
    → event news: UEFA Champions League Final
    → event news: Epsom Derby
    → event news: Prix du Jockey Club
    → event news: FIFA World Cup 2026
    → event news: Vivatech Paris
    → event news: G7 Summit
    → event news: Royal Ascot
    → event news: Art Basel Basel
    → event news: US Open Golf
    → event news: Paris Men's Fashion Week
    → event news: Glastonbury
    → event news: Wimbledon
    → event news: Henley Royal Regatta
    → event news: Tour de France
    → event news: F1 British GP (Silverstone)
    → event news: Haute Couture FW
    → event news: The Open Championship
    → event news: World Aquatics Champs
    → event news: Rolex Fastnet Race
    → 29 events with coverage
──────────────────────────────────────────────────────
✓  Saved → /Users/antoinebernard/news_dashboard/index.html
Morning Brief v4 — 2026-05-14 23:58
──────────────────────────────────────────────────────
  Fetching AFP (Telegram)…
  ⚠  Telegram https://t.me/+5VtjHHeuarNjYTBk: The API access for bot users is restricted. The method you tried to invoke cannot be executed as a bot (caused by CheckChatInviteRequest)
    → 0 AFP messages
  Fetching Tech/VC…
    → 36 articles → 27 stories
  Fetching Macro…
    → 24 articles
  Fetching Culture/Fashion…
    → 31 articles
  Fetching Sports…
    → L'Équipe: 10, BBC Sport: 10
  Fetching conflict news…
    → 89 articles for conflict matching
  Fetching Paris…
    → 10 Paris articles
  Fetching Cities (Marseille & Paris)…
    → 35 city articles
  Fetching calendar event news…
    → event news: F1 Season 2026
    → event news: Coachella
    → event news: Venice Biennale
    → event news: Met Gala
    → event news: Frieze New York
    → event news: European Aquatics Champs
    → event news: Cannes Film Festival
    → event news: UEFA Europa League Final
    → event news: F1 Monaco GP
    → event news: Roland Garros
    → event news: UEFA Champions League Final
    → event news: Epsom Derby
    → event news: Prix du Jockey Club
    → event news: FIFA World Cup 2026
    → event news: Vivatech Paris
    → event news: G7 Summit
    → event news: Royal Ascot
    → event news: Art Basel Basel
    → event news: US Open Golf
    → event news: Paris Men's Fashion Week
    → event news: Glastonbury
    → event news: Wimbledon
    → event news: Henley Royal Regatta
    → event news: Tour de France
    → event news: F1 British GP (Silverstone)
    → event news: Haute Couture FW
    → event news: The Open Championship
    → event news: World Aquatics Champs
    → event news: Rolex Fastnet Race
    → 29 events with coverage
──────────────────────────────────────────────────────
✓  Saved → /Users/antoinebernard/news_dashboard/index.html
Attempt 1 at connecting failed: OSError: [Errno 51] Network is unreachable
Attempt 2 at connecting failed: OSError: [Errno 51] Network is unreachable
Attempt 3 at connecting failed: OSError: [Errno 51] Network is unreachable
Attempt 4 at connecting failed: OSError: [Errno 51] Network is unreachable
Attempt 5 at connecting failed: OSError: [Errno 51] Network is unreachable
Attempt 6 at connecting failed: OSError: [Errno 51] Network is unreachable
Morning Brief v4 — 2026-05-15 01:30
──────────────────────────────────────────────────────
  Fetching AFP (Telegram)…
  ⚠  Telegram client: Connection to Telegram failed 5 time(s)
    → 0 AFP messages
  Fetching Tech/VC…
    → 0 articles → 0 stories
  Fetching Macro…
    → 0 articles
  Fetching Culture/Fashion…
    → 0 articles
  Fetching Sports…
    → L'Équipe: 0, BBC Sport: 0
  Fetching conflict news…
    → 0 articles for conflict matching
  Fetching Paris…
    → 0 Paris articles
  Fetching Cities (Marseille & Paris)…
    → 0 city articles
  Fetching calendar event news…
    → event news: F1 Season 2026
    → event news: Coachella
    → event news: Venice Biennale
    → event news: Met Gala
    → event news: Frieze New York
    → event news: European Aquatics Champs
    → event news: Cannes Film Festival
    → event news: UEFA Europa League Final
    → event news: F1 Monaco GP
    → event news: Roland Garros
    → event news: UEFA Champions League Final
    → event news: Epsom Derby
    → event news: Prix du Jockey Club
    → event news: FIFA World Cup 2026
    → event news: Vivatech Paris
    → event news: G7 Summit
    → event news: Royal Ascot
    → event news: Art Basel Basel
    → event news: US Open Golf
    → event news: Paris Men's Fashion Week
    → event news: Glastonbury
    → event news: Wimbledon
    → event news: Henley Royal Regatta
    → event news: Tour de France
    → event news: F1 British GP (Silverstone)
    → event news: Haute Couture FW
    → event news: The Open Championship
    → event news: World Aquatics Champs
    → event news: Rolex Fastnet Race
    → 0 events with coverage
──────────────────────────────────────────────────────
✓  Saved → /Users/antoinebernard/news_dashboard/index.html
Attempt 1 at connecting failed: OSError: [Errno 51] Network is unreachable
Attempt 2 at connecting failed: OSError: [Errno 51] Network is unreachable
Attempt 3 at connecting failed: OSError: [Errno 51] Network is unreachable
Attempt 4 at connecting failed: OSError: [Errno 51] Network is unreachable
Attempt 5 at connecting failed: OSError: [Errno 51] Network is unreachable
Attempt 6 at connecting failed: OSError: [Errno 51] Network is unreachable
Morning Brief v4 — 2026-05-15 02:30
──────────────────────────────────────────────────────
  Fetching AFP (Telegram)…
  ⚠  Telegram client: Connection to Telegram failed 5 time(s)
    → 0 AFP messages
  Fetching Tech/VC…
    → 0 articles → 0 stories
  Fetching Macro…
    → 0 articles
  Fetching Culture/Fashion…
    → 0 articles
  Fetching Sports…
    → L'Équipe: 0, BBC Sport: 0
  Fetching conflict news…
    → 0 articles for conflict matching
  Fetching Paris…
    → 0 Paris articles
  Fetching Cities (Marseille & Paris)…
    → 0 city articles
  Fetching calendar event news…
    → event news: F1 Season 2026
    → event news: Coachella
    → event news: Venice Biennale
    → event news: Met Gala
    → event news: Frieze New York
    → event news: European Aquatics Champs
    → event news: Cannes Film Festival
    → event news: UEFA Europa League Final
    → event news: F1 Monaco GP
    → event news: Roland Garros
    → event news: UEFA Champions League Final
    → event news: Epsom Derby
    → event news: Prix du Jockey Club
    → event news: FIFA World Cup 2026
    → event news: Vivatech Paris
    → event news: G7 Summit
    → event news: Royal Ascot
    → event news: Art Basel Basel
    → event news: US Open Golf
    → event news: Paris Men's Fashion Week
    → event news: Glastonbury
    → event news: Wimbledon
    → event news: Henley Royal Regatta
    → event news: Tour de France
    → event news: F1 British GP (Silverstone)
    → event news: Haute Couture FW
    → event news: The Open Championship
    → event news: World Aquatics Champs
    → event news: Rolex Fastnet Race
    → 0 events with coverage
──────────────────────────────────────────────────────
✓  Saved → /Users/antoinebernard/news_dashboard/index.html
Attempt 1 at connecting failed: OSError: [Errno 51] Network is unreachable
Attempt 2 at connecting failed: OSError: [Errno 51] Network is unreachable
Attempt 3 at connecting failed: OSError: [Errno 51] Network is unreachable
Attempt 4 at connecting failed: OSError: [Errno 51] Network is unreachable
Attempt 5 at connecting failed: OSError: [Errno 51] Network is unreachable
Attempt 6 at connecting failed: OSError: [Errno 51] Network is unreachable
Morning Brief v4 — 2026-05-15 03:30
──────────────────────────────────────────────────────
  Fetching AFP (Telegram)…
  ⚠  Telegram client: Connection to Telegram failed 5 time(s)
    → 0 AFP messages
  Fetching Tech/VC…
    → 0 articles → 0 stories
  Fetching Macro…
    → 0 articles
  Fetching Culture/Fashion…
    → 0 articles
  Fetching Sports…
    → L'Équipe: 0, BBC Sport: 0
  Fetching conflict news…
    → 0 articles for conflict matching
  Fetching Paris…
    → 0 Paris articles
  Fetching Cities (Marseille & Paris)…
    → 0 city articles
  Fetching calendar event news…
    → event news: F1 Season 2026
    → event news: Coachella
    → event news: Venice Biennale
    → event news: Met Gala
    → event news: Frieze New York
    → event news: European Aquatics Champs
    → event news: Cannes Film Festival
    → event news: UEFA Europa League Final
    → event news: F1 Monaco GP
    → event news: Roland Garros
    → event news: UEFA Champions League Final
    → event news: Epsom Derby
    → event news: Prix du Jockey Club
    → event news: FIFA World Cup 2026
    → event news: Vivatech Paris
    → event news: G7 Summit
    → event news: Royal Ascot
    → event news: Art Basel Basel
    → event news: US Open Golf
    → event news: Paris Men's Fashion Week
    → event news: Glastonbury
    → event news: Wimbledon
    → event news: Henley Royal Regatta
    → event news: Tour de France
    → event news: F1 British GP (Silverstone)
    → event news: Haute Couture FW
    → event news: The Open Championship
    → event news: World Aquatics Champs
    → event news: Rolex Fastnet Race
    → 0 events with coverage
──────────────────────────────────────────────────────
✓  Saved → /Users/antoinebernard/news_dashboard/index.html
Attempt 1 at connecting failed: OSError: [Errno 51] Network is unreachable
Attempt 2 at connecting failed: OSError: [Errno 51] Network is unreachable
Attempt 3 at connecting failed: OSError: [Errno 51] Network is unreachable
Attempt 4 at connecting failed: OSError: [Errno 51] Network is unreachable
Attempt 5 at connecting failed: OSError: [Errno 51] Network is unreachable
Attempt 6 at connecting failed: OSError: [Errno 51] Network is unreachable
Morning Brief v4 — 2026-05-15 04:30
──────────────────────────────────────────────────────
  Fetching AFP (Telegram)…
  ⚠  Telegram client: Connection to Telegram failed 5 time(s)
    → 0 AFP messages
  Fetching Tech/VC…
    → 0 articles → 0 stories
  Fetching Macro…
    → 0 articles
  Fetching Culture/Fashion…
    → 0 articles
  Fetching Sports…
    → L'Équipe: 0, BBC Sport: 0
  Fetching conflict news…
    → 0 articles for conflict matching
  Fetching Paris…
    → 0 Paris articles
  Fetching Cities (Marseille & Paris)…
    → 0 city articles
  Fetching calendar event news…
    → event news: F1 Season 2026
    → event news: Coachella
    → event news: Venice Biennale
    → event news: Met Gala
    → event news: Frieze New York
    → event news: European Aquatics Champs
    → event news: Cannes Film Festival
    → event news: UEFA Europa League Final
    → event news: F1 Monaco GP
    → event news: Roland Garros
    → event news: UEFA Champions League Final
    → event news: Epsom Derby
    → event news: Prix du Jockey Club
    → event news: FIFA World Cup 2026
    → event news: Vivatech Paris
    → event news: G7 Summit
    → event news: Royal Ascot
    → event news: Art Basel Basel
    → event news: US Open Golf
    → event news: Paris Men's Fashion Week
    → event news: Glastonbury
    → event news: Wimbledon
    → event news: Henley Royal Regatta
    → event news: Tour de France
    → event news: F1 British GP (Silverstone)
    → event news: Haute Couture FW
    → event news: The Open Championship
    → event news: World Aquatics Champs
    → event news: Rolex Fastnet Race
    → 0 events with coverage
──────────────────────────────────────────────────────
✓  Saved → /Users/antoinebernard/news_dashboard/index.html
Attempt 1 at connecting failed: OSError: [Errno 51] Network is unreachable
Attempt 2 at connecting failed: OSError: [Errno 51] Network is unreachable
Attempt 3 at connecting failed: OSError: [Errno 51] Network is unreachable
Attempt 4 at connecting failed: OSError: [Errno 51] Network is unreachable
Attempt 5 at connecting failed: OSError: [Errno 51] Network is unreachable
Attempt 6 at connecting failed: OSError: [Errno 51] Network is unreachable
Morning Brief v4 — 2026-05-15 05:30
──────────────────────────────────────────────────────
  Fetching AFP (Telegram)…
  ⚠  Telegram client: Connection to Telegram failed 5 time(s)
    → 0 AFP messages
  Fetching Tech/VC…
    → 0 articles → 0 stories
  Fetching Macro…
    → 0 articles
  Fetching Culture/Fashion…
    → 0 articles
  Fetching Sports…
    → L'Équipe: 0, BBC Sport: 0
  Fetching conflict news…
    → 0 articles for conflict matching
  Fetching Paris…
    → 0 Paris articles
  Fetching Cities (Marseille & Paris)…
    → 0 city articles
  Fetching calendar event news…
    → event news: F1 Season 2026
    → event news: Coachella
    → event news: Venice Biennale
    → event news: Met Gala
    → event news: Frieze New York
    → event news: European Aquatics Champs
    → event news: Cannes Film Festival
    → event news: UEFA Europa League Final
    → event news: F1 Monaco GP
    → event news: Roland Garros
    → event news: UEFA Champions League Final
    → event news: Epsom Derby
    → event news: Prix du Jockey Club
    → event news: FIFA World Cup 2026
    → event news: Vivatech Paris
    → event news: G7 Summit
    → event news: Royal Ascot
    → event news: Art Basel Basel
    → event news: US Open Golf
    → event news: Paris Men's Fashion Week
    → event news: Glastonbury
    → event news: Wimbledon
    → event news: Henley Royal Regatta
    → event news: Tour de France
    → event news: F1 British GP (Silverstone)
    → event news: Haute Couture FW
    → event news: The Open Championship
    → event news: World Aquatics Champs
    → event news: Rolex Fastnet Race
    → 0 events with coverage
──────────────────────────────────────────────────────
✓  Saved → /Users/antoinebernard/news_dashboard/index.html
Attempt 1 at connecting failed: OSError: [Errno 51] Network is unreachable
Attempt 2 at connecting failed: OSError: [Errno 51] Network is unreachable
Attempt 3 at connecting failed: OSError: [Errno 51] Network is unreachable
Attempt 4 at connecting failed: OSError: [Errno 51] Network is unreachable
Attempt 5 at connecting failed: OSError: [Errno 51] Network is unreachable
Attempt 6 at connecting failed: OSError: [Errno 51] Network is unreachable
Morning Brief v4 — 2026-05-15 06:30
──────────────────────────────────────────────────────
  Fetching AFP (Telegram)…
  ⚠  Telegram client: Connection to Telegram failed 5 time(s)
    → 0 AFP messages
  Fetching Tech/VC…
    → 0 articles → 0 stories
  Fetching Macro…
    → 0 articles
  Fetching Culture/Fashion…
    → 0 articles
  Fetching Sports…
    → L'Équipe: 0, BBC Sport: 0
  Fetching conflict news…
    → 0 articles for conflict matching
  Fetching Paris…
    → 0 Paris articles
  Fetching Cities (Marseille & Paris)…
    → 0 city articles
  Fetching calendar event news…
    → event news: F1 Season 2026
    → event news: Coachella
    → event news: Venice Biennale
    → event news: Met Gala
    → event news: Frieze New York
    → event news: European Aquatics Champs
    → event news: Cannes Film Festival
    → event news: UEFA Europa League Final
    → event news: F1 Monaco GP
    → event news: Roland Garros
    → event news: UEFA Champions League Final
    → event news: Epsom Derby
    → event news: Prix du Jockey Club
    → event news: FIFA World Cup 2026
    → event news: Vivatech Paris
    → event news: G7 Summit
    → event news: Royal Ascot
    → event news: Art Basel Basel
    → event news: US Open Golf
    → event news: Paris Men's Fashion Week
    → event news: Glastonbury
    → event news: Wimbledon
    → event news: Henley Royal Regatta
    → event news: Tour de France
    → event news: F1 British GP (Silverstone)
    → event news: Haute Couture FW
    → event news: The Open Championship
    → event news: World Aquatics Champs
    → event news: Rolex Fastnet Race
    → 0 events with coverage
──────────────────────────────────────────────────────
✓  Saved → /Users/antoinebernard/news_dashboard/index.html
Attempt 1 at connecting failed: OSError: [Errno 51] Network is unreachable
Attempt 2 at connecting failed: OSError: [Errno 51] Network is unreachable
Attempt 3 at connecting failed: OSError: [Errno 51] Network is unreachable
Attempt 4 at connecting failed: OSError: [Errno 51] Network is unreachable
Attempt 5 at connecting failed: OSError: [Errno 51] Network is unreachable
Attempt 6 at connecting failed: OSError: [Errno 51] Network is unreachable
Morning Brief v4 — 2026-05-15 07:30
──────────────────────────────────────────────────────
  Fetching AFP (Telegram)…
  ⚠  Telegram client: Connection to Telegram failed 5 time(s)
    → 0 AFP messages
  Fetching Tech/VC…
    → 0 articles → 0 stories
  Fetching Macro…
    → 0 articles
  Fetching Culture/Fashion…
    → 0 articles
  Fetching Sports…
    → L'Équipe: 0, BBC Sport: 0
  Fetching conflict news…
    → 0 articles for conflict matching
  Fetching Paris…
    → 0 Paris articles
  Fetching Cities (Marseille & Paris)…
    → 0 city articles
  Fetching calendar event news…
    → event news: F1 Season 2026
    → event news: Coachella
    → event news: Venice Biennale
    → event news: Met Gala
    → event news: Frieze New York
    → event news: European Aquatics Champs
    → event news: Cannes Film Festival
    → event news: UEFA Europa League Final
    → event news: F1 Monaco GP
    → event news: Roland Garros
    → event news: UEFA Champions League Final
    → event news: Epsom Derby
    → event news: Prix du Jockey Club
    → event news: FIFA World Cup 2026
    → event news: Vivatech Paris
    → event news: G7 Summit
    → event news: Royal Ascot
    → event news: Art Basel Basel
    → event news: US Open Golf
    → event news: Paris Men's Fashion Week
    → event news: Glastonbury
    → event news: Wimbledon
    → event news: Henley Royal Regatta
    → event news: Tour de France
    → event news: F1 British GP (Silverstone)
    → event news: Haute Couture FW
    → event news: The Open Championship
    → event news: World Aquatics Champs
    → event news: Rolex Fastnet Race
    → 0 events with coverage
──────────────────────────────────────────────────────
✓  Saved → /Users/antoinebernard/news_dashboard/index.html
Attempt 1 at connecting failed: OSError: [Errno 51] Network is unreachable
Attempt 2 at connecting failed: OSError: [Errno 51] Network is unreachable
Attempt 3 at connecting failed: OSError: [Errno 51] Network is unreachable
Attempt 4 at connecting failed: OSError: [Errno 51] Network is unreachable
Attempt 5 at connecting failed: OSError: [Errno 51] Network is unreachable
Attempt 6 at connecting failed: OSError: [Errno 51] Network is unreachable
Morning Brief v4 — 2026-05-15 08:30
──────────────────────────────────────────────────────
  Fetching AFP (Telegram)…
  ⚠  Telegram client: Connection to Telegram failed 5 time(s)
    → 0 AFP messages
  Fetching Tech/VC…
    → 0 articles → 0 stories
  Fetching Macro…
    → 0 articles
  Fetching Culture/Fashion…
    → 0 articles
  Fetching Sports…
    → L'Équipe: 0, BBC Sport: 0
  Fetching conflict news…
    → 0 articles for conflict matching
  Fetching Paris…
    → 0 Paris articles
  Fetching Cities (Marseille & Paris)…
    → 0 city articles
  Fetching calendar event news…
    → event news: F1 Season 2026
    → event news: Coachella
    → event news: Venice Biennale
    → event news: Met Gala
    → event news: Frieze New York
    → event news: European Aquatics Champs
    → event news: Cannes Film Festival
    → event news: UEFA Europa League Final
    → event news: F1 Monaco GP
    → event news: Roland Garros
    → event news: UEFA Champions League Final
    → event news: Epsom Derby
    → event news: Prix du Jockey Club
    → event news: FIFA World Cup 2026
    → event news: Vivatech Paris
    → event news: G7 Summit
    → event news: Royal Ascot
    → event news: Art Basel Basel
    → event news: US Open Golf
    → event news: Paris Men's Fashion Week
    → event news: Glastonbury
    → event news: Wimbledon
    → event news: Henley Royal Regatta
    → event news: Tour de France
    → event news: F1 British GP (Silverstone)
    → event news: Haute Couture FW
    → event news: The Open Championship
    → event news: World Aquatics Champs
    → event news: Rolex Fastnet Race
    → 0 events with coverage
──────────────────────────────────────────────────────
✓  Saved → /Users/antoinebernard/news_dashboard/index.html
Attempt 1 at connecting failed: OSError: [Errno 51] Network is unreachable
Attempt 2 at connecting failed: OSError: [Errno 51] Network is unreachable
Attempt 3 at connecting failed: OSError: [Errno 51] Network is unreachable
Attempt 4 at connecting failed: OSError: [Errno 51] Network is unreachable
Attempt 5 at connecting failed: OSError: [Errno 51] Network is unreachable
Attempt 6 at connecting failed: OSError: [Errno 51] Network is unreachable
Morning Brief v4 — 2026-05-15 09:32
──────────────────────────────────────────────────────
  Fetching AFP (Telegram)…
  ⚠  Telegram client: Connection to Telegram failed 5 time(s)
    → 0 AFP messages
  Fetching Tech/VC…
    → 0 articles → 0 stories
  Fetching Macro…
    → 0 articles
  Fetching Culture/Fashion…
    → 0 articles
  Fetching Sports…
    → L'Équipe: 0, BBC Sport: 0
  Fetching conflict news…
    → 0 articles for conflict matching
  Fetching Paris…
    → 0 Paris articles
  Fetching Cities (Marseille & Paris)…
    → 0 city articles
  Fetching calendar event news…
    → event news: F1 Season 2026
    → event news: Coachella
    → event news: Venice Biennale
    → event news: Met Gala
    → event news: Frieze New York
    → event news: European Aquatics Champs
    → event news: Cannes Film Festival
    → event news: UEFA Europa League Final
    → event news: F1 Monaco GP
    → event news: Roland Garros
    → event news: UEFA Champions League Final
    → event news: Epsom Derby
    → event news: Prix du Jockey Club
    → event news: FIFA World Cup 2026
    → event news: Vivatech Paris
    → event news: G7 Summit
    → event news: Royal Ascot
    → event news: Art Basel Basel
    → event news: US Open Golf
    → event news: Paris Men's Fashion Week
    → event news: Glastonbury
    → event news: Wimbledon
    → event news: Henley Royal Regatta
    → event news: Tour de France
    → event news: F1 British GP (Silverstone)
    → event news: Haute Couture FW
    → event news: The Open Championship
    → event news: World Aquatics Champs
    → event news: Rolex Fastnet Race
    → 0 events with coverage
──────────────────────────────────────────────────────
✓  Saved → /Users/antoinebernard/news_dashboard/index.html
Attempt 1 at connecting failed: OSError: [Errno 51] Network is unreachable
Attempt 2 at connecting failed: OSError: [Errno 51] Network is unreachable
Attempt 3 at connecting failed: OSError: [Errno 51] Network is unreachable
Attempt 4 at connecting failed: OSError: [Errno 51] Network is unreachable
Attempt 5 at connecting failed: OSError: [Errno 51] Network is unreachable
Attempt 6 at connecting failed: OSError: [Errno 51] Network is unreachable
Morning Brief v4 — 2026-05-15 10:32
──────────────────────────────────────────────────────
  Fetching AFP (Telegram)…
  ⚠  Telegram client: Connection to Telegram failed 5 time(s)
    → 0 AFP messages
  Fetching Tech/VC…
    → 0 articles → 0 stories
  Fetching Macro…
    → 0 articles
  Fetching Culture/Fashion…
    → 0 articles
  Fetching Sports…
    → L'Équipe: 0, BBC Sport: 0
  Fetching conflict news…
    → 0 articles for conflict matching
  Fetching Paris…
    → 0 Paris articles
  Fetching Cities (Marseille & Paris)…
    → 0 city articles
  Fetching calendar event news…
    → event news: F1 Season 2026
    → event news: Coachella
    → event news: Venice Biennale
    → event news: Met Gala
    → event news: Frieze New York
    → event news: European Aquatics Champs
    → event news: Cannes Film Festival
    → event news: UEFA Europa League Final
    → event news: F1 Monaco GP
    → event news: Roland Garros
    → event news: UEFA Champions League Final
    → event news: Epsom Derby
    → event news: Prix du Jockey Club
    → event news: FIFA World Cup 2026
    → event news: Vivatech Paris
    → event news: G7 Summit
    → event news: Royal Ascot
    → event news: Art Basel Basel
    → event news: US Open Golf
    → event news: Paris Men's Fashion Week
    → event news: Glastonbury
    → event news: Wimbledon
    → event news: Henley Royal Regatta
    → event news: Tour de France
    → event news: F1 British GP (Silverstone)
    → event news: Haute Couture FW
    → event news: The Open Championship
    → event news: World Aquatics Champs
    → event news: Rolex Fastnet Race
    → 0 events with coverage
──────────────────────────────────────────────────────
✓  Saved → /Users/antoinebernard/news_dashboard/index.html
Morning Brief v4 — 2026-05-15 11:35
──────────────────────────────────────────────────────
  Fetching AFP (Telegram)…
  ⚠  Telegram https://t.me/+5VtjHHeuarNjYTBk: The API access for bot users is restricted. The method you tried to invoke cannot be executed as a bot (caused by CheckChatInviteRequest)
    → 0 AFP messages
  Fetching Tech/VC…
    → 39 articles → 33 stories
  Fetching Macro…
    → 24 articles
  Fetching Culture/Fashion…
    → 30 articles
  Fetching Sports…
    → L'Équipe: 10, BBC Sport: 10
  Fetching conflict news…
    → 91 articles for conflict matching
  Fetching Paris…
    → 9 Paris articles
  Fetching Cities (Marseille & Paris)…
    → 34 city articles
  Fetching calendar event news…
    → event news: F1 Season 2026
    → event news: Coachella
    → event news: Venice Biennale
    → event news: Met Gala
    → event news: Frieze New York
    → event news: European Aquatics Champs
    → event news: Cannes Film Festival
    → event news: UEFA Europa League Final
    → event news: F1 Monaco GP
    → event news: Roland Garros
    → event news: UEFA Champions League Final
    → event news: Epsom Derby
    → event news: Prix du Jockey Club
    → event news: FIFA World Cup 2026
    → event news: Vivatech Paris
    → event news: G7 Summit
    → event news: Royal Ascot
    → event news: Art Basel Basel
    → event news: US Open Golf
    → event news: Paris Men's Fashion Week
    → event news: Glastonbury
    → event news: Wimbledon
    → event news: Henley Royal Regatta
    → event news: Tour de France
    → event news: F1 British GP (Silverstone)
    → event news: Haute Couture FW
    → event news: The Open Championship
    → event news: World Aquatics Champs
    → event news: Rolex Fastnet Race
    → 29 events with coverage
──────────────────────────────────────────────────────
✓  Saved → /Users/antoinebernard/news_dashboard/index.html
Morning Brief v4 — 2026-05-15 12:59
──────────────────────────────────────────────────────
  Fetching AFP (Telegram)…
  ⚠  Telegram https://t.me/+5VtjHHeuarNjYTBk: The API access for bot users is restricted. The method you tried to invoke cannot be executed as a bot (caused by CheckChatInviteRequest)
    → 0 AFP messages
  Fetching Tech/VC…
    → 39 articles → 31 stories
  Fetching Macro…
    → 24 articles
  Fetching Culture/Fashion…
    → 29 articles
  Fetching Sports…
    → L'Équipe: 10, BBC Sport: 10
  Fetching conflict news…
    → 91 articles for conflict matching
  Fetching Paris…
    → 9 Paris articles
  Fetching Cities (Marseille & Paris)…
    → 34 city articles
  Fetching calendar event news…
    → event news: F1 Season 2026
    → event news: Coachella
    → event news: Venice Biennale
    → event news: Met Gala
    → event news: Frieze New York
    → event news: European Aquatics Champs
    → event news: Cannes Film Festival
    → event news: UEFA Europa League Final
    → event news: F1 Monaco GP
    → event news: Roland Garros
    → event news: UEFA Champions League Final
    → event news: Epsom Derby
    → event news: Prix du Jockey Club
    → event news: FIFA World Cup 2026
    → event news: Vivatech Paris
    → event news: G7 Summit
    → event news: Royal Ascot
    → event news: Art Basel Basel
    → event news: US Open Golf
    → event news: Paris Men's Fashion Week
    → event news: Glastonbury
    → event news: Wimbledon
    → event news: Henley Royal Regatta
    → event news: Tour de France
    → event news: F1 British GP (Silverstone)
    → event news: Haute Couture FW
    → event news: The Open Championship
    → event news: World Aquatics Champs
    → event news: Rolex Fastnet Race
    → 29 events with coverage
──────────────────────────────────────────────────────
✓  Saved → /Users/antoinebernard/news_dashboard/index.html
Morning Brief v4 — 2026-05-15 19:47
──────────────────────────────────────────────────────
  Fetching AFP (Telegram)…
  ⚠  Telegram https://t.me/+5VtjHHeuarNjYTBk: The API access for bot users is restricted. The method you tried to invoke cannot be executed as a bot (caused by CheckChatInviteRequest)
    → 0 AFP messages
  Fetching Tech/VC…
    → 39 articles → 30 stories
  Fetching Macro…
    → 23 articles
  Fetching Culture/Fashion…
    → 30 articles
  Fetching Sports…
    → L'Équipe: 10, BBC Sport: 10
  Fetching conflict news…
    → 93 articles for conflict matching
  Fetching Paris…
    → 9 Paris articles
  Fetching Cities (Marseille & Paris)…
    → 35 city articles
  Fetching calendar event news…
    → event news: F1 Season 2026
    → event news: Coachella
    → event news: Venice Biennale
    → event news: Met Gala
    → event news: Frieze New York
    → event news: European Aquatics Champs
    → event news: Cannes Film Festival
    → event news: UEFA Europa League Final
    → event news: F1 Monaco GP
    → event news: Roland Garros
    → event news: UEFA Champions League Final
    → event news: Epsom Derby
    → event news: Prix du Jockey Club
    → event news: FIFA World Cup 2026
    → event news: Vivatech Paris
    → event news: G7 Summit
    → event news: Royal Ascot
    → event news: Art Basel Basel
    → event news: US Open Golf
    → event news: Paris Men's Fashion Week
    → event news: Glastonbury
    → event news: Wimbledon
    → event news: Henley Royal Regatta
    → event news: Tour de France
    → event news: F1 British GP (Silverstone)
    → event news: Haute Couture FW
    → event news: The Open Championship
    → event news: World Aquatics Champs
    → event news: Rolex Fastnet Race
    → 29 events with coverage
──────────────────────────────────────────────────────
✓  Saved → /Users/antoinebernard/news_dashboard/index.html
Morning Brief v4 — 2026-05-16 00:27
──────────────────────────────────────────────────────
  Fetching AFP (Telegram)…
  ⚠  Telegram https://t.me/+5VtjHHeuarNjYTBk: The API access for bot users is restricted. The method you tried to invoke cannot be executed as a bot (caused by CheckChatInviteRequest)
    → 0 AFP messages
  Fetching Tech/VC…
    → 40 articles → 30 stories
  Fetching Macro…
    → 23 articles
  Fetching Culture/Fashion…
    → 30 articles
  Fetching Sports…
    → L'Équipe: 10, BBC Sport: 10
  Fetching conflict news…
    → 95 articles for conflict matching
  Fetching Paris…
    → 9 Paris articles
  Fetching Cities (Marseille & Paris)…
    → 35 city articles
  Fetching calendar event news…
    → event news: F1 Season 2026
    → event news: Coachella
    → event news: Venice Biennale
    → event news: Met Gala
    → event news: Frieze New York
    → event news: European Aquatics Champs
    → event news: Cannes Film Festival
    → event news: UEFA Europa League Final
    → event news: F1 Monaco GP
    → event news: Roland Garros
    → event news: UEFA Champions League Final
    → event news: Epsom Derby
    → event news: Prix du Jockey Club
    → event news: FIFA World Cup 2026
    → event news: Vivatech Paris
    → event news: G7 Summit
    → event news: Royal Ascot
    → event news: Art Basel Basel
    → event news: US Open Golf
    → event news: Paris Men's Fashion Week
    → event news: Glastonbury
    → event news: Wimbledon
    → event news: Henley Royal Regatta
    → event news: Tour de France
    → event news: F1 British GP (Silverstone)
    → event news: Haute Couture FW
    → event news: The Open Championship
    → event news: World Aquatics Champs
    → event news: Rolex Fastnet Race
    → 29 events with coverage
──────────────────────────────────────────────────────
✓  Saved → /Users/antoinebernard/news_dashboard/index.html
Morning Brief v4 — 2026-05-16 11:22
──────────────────────────────────────────────────────
  Fetching AFP (Telegram)…
  ⚠  Telegram https://t.me/+5VtjHHeuarNjYTBk: The API access for bot users is restricted. The method you tried to invoke cannot be executed as a bot (caused by CheckChatInviteRequest)
    → 0 AFP messages
  Fetching Tech/VC…
    → 39 articles → 30 stories
  Fetching Macro…
    → 23 articles
  Fetching Culture/Fashion…
    → 30 articles
  Fetching Sports…
    → L'Équipe: 10, BBC Sport: 10
  Fetching conflict news…
    → 90 articles for conflict matching
  Fetching Paris…
    → 9 Paris articles
  Fetching Cities (Marseille & Paris)…
    → 34 city articles
  Fetching calendar event news…
    → event news: F1 Season 2026
    → event news: Coachella
    → event news: Venice Biennale
    → event news: Met Gala
    → event news: Frieze New York
    → event news: European Aquatics Champs
    → event news: Cannes Film Festival
    → event news: UEFA Europa League Final
    → event news: F1 Monaco GP
    → event news: Roland Garros
    → event news: UEFA Champions League Final
    → event news: Epsom Derby
    → event news: Prix du Jockey Club
    → event news: FIFA World Cup 2026
    → event news: Vivatech Paris
    → event news: G7 Summit
    → event news: Royal Ascot
    → event news: Art Basel Basel
    → event news: US Open Golf
    → event news: Paris Men's Fashion Week
    → event news: Glastonbury
    → event news: Wimbledon
    → event news: Henley Royal Regatta
    → event news: Tour de France
    → event news: F1 British GP (Silverstone)
    → event news: Haute Couture FW
    → event news: The Open Championship
    → event news: World Aquatics Champs
    → event news: Rolex Fastnet Race
    → 29 events with coverage
──────────────────────────────────────────────────────
✓  Saved → /Users/antoinebernard/news_dashboard/index.html
Morning Brief v4 — 2026-05-16 14:51
──────────────────────────────────────────────────────
  Fetching AFP (Telegram)…
  ⚠  Telegram https://t.me/+5VtjHHeuarNjYTBk: The API access for bot users is restricted. The method you tried to invoke cannot be executed as a bot (caused by CheckChatInviteRequest)
    → 0 AFP messages
  Fetching Tech/VC…
    → 39 articles → 30 stories
  Fetching Macro…
    → 24 articles
  Fetching Culture/Fashion…
    → 30 articles
  Fetching Sports…
    → L'Équipe: 10, BBC Sport: 10
  Fetching conflict news…
    → 87 articles for conflict matching
  Fetching Paris…
    → 9 Paris articles
  Fetching Cities (Marseille & Paris)…
    → 36 city articles
  Fetching calendar event news…
    → event news: F1 Season 2026
    → event news: Coachella
    → event news: Venice Biennale
    → event news: Met Gala
    → event news: Frieze New York
    → event news: European Aquatics Champs
    → event news: Cannes Film Festival
    → event news: UEFA Europa League Final
    → event news: F1 Monaco GP
    → event news: Roland Garros
    → event news: UEFA Champions League Final
    → event news: Epsom Derby
    → event news: Prix du Jockey Club
    → event news: FIFA World Cup 2026
    → event news: Vivatech Paris
    → event news: G7 Summit
    → event news: Royal Ascot
    → event news: Art Basel Basel
    → event news: US Open Golf
    → event news: Paris Men's Fashion Week
    → event news: Glastonbury
    → event news: Wimbledon
    → event news: Henley Royal Regatta
    → event news: Tour de France
    → event news: F1 British GP (Silverstone)
    → event news: Haute Couture FW
    → event news: The Open Championship
    → event news: World Aquatics Champs
    → event news: Rolex Fastnet Race
    → 29 events with coverage
──────────────────────────────────────────────────────
✓  Saved → /Users/antoinebernard/news_dashboard/index.html
Morning Brief v4 — 2026-05-16 15:52
──────────────────────────────────────────────────────
  Fetching AFP (Telegram)…
  ⚠  Telegram https://t.me/+5VtjHHeuarNjYTBk: The API access for bot users is restricted. The method you tried to invoke cannot be executed as a bot (caused by CheckChatInviteRequest)
    → 0 AFP messages
  Fetching Tech/VC…
    → 40 articles → 31 stories
  Fetching Macro…
    → 24 articles
  Fetching Culture/Fashion…
    → 30 articles
  Fetching Sports…
    → L'Équipe: 10, BBC Sport: 10
  Fetching conflict news…
    → 88 articles for conflict matching
  Fetching Paris…
    → 9 Paris articles
  Fetching Cities (Marseille & Paris)…
    → 36 city articles
  Fetching calendar event news…
    → event news: F1 Season 2026
    → event news: Coachella
    → event news: Venice Biennale
    → event news: Met Gala
    → event news: Frieze New York
    → event news: European Aquatics Champs
    → event news: Cannes Film Festival
    → event news: UEFA Europa League Final
    → event news: F1 Monaco GP
    → event news: Roland Garros
    → event news: UEFA Champions League Final
    → event news: Epsom Derby
    → event news: Prix du Jockey Club
    → event news: FIFA World Cup 2026
    → event news: Vivatech Paris
    → event news: G7 Summit
    → event news: Royal Ascot
    → event news: Art Basel Basel
    → event news: US Open Golf
    → event news: Paris Men's Fashion Week
    → event news: Glastonbury
    → event news: Wimbledon
    → event news: Henley Royal Regatta
    → event news: Tour de France
    → event news: F1 British GP (Silverstone)
    → event news: Haute Couture FW
    → event news: The Open Championship
    → event news: World Aquatics Champs
    → event news: Rolex Fastnet Race
    → 29 events with coverage
──────────────────────────────────────────────────────
✓  Saved → /Users/antoinebernard/news_dashboard/index.html
Attempt 1 at connecting failed: OSError: [Errno 51] Network is unreachable
Attempt 2 at connecting failed: OSError: [Errno 51] Network is unreachable
Attempt 3 at connecting failed: OSError: [Errno 51] Network is unreachable
Attempt 4 at connecting failed: OSError: [Errno 51] Network is unreachable
Attempt 5 at connecting failed: OSError: [Errno 51] Network is unreachable
Attempt 6 at connecting failed: OSError: [Errno 51] Network is unreachable
Morning Brief v4 — 2026-05-16 17:56
──────────────────────────────────────────────────────
  Fetching AFP (Telegram)…
  ⚠  Telegram client: Connection to Telegram failed 5 time(s)
    → 0 AFP messages
  Fetching Tech/VC…
    → 0 articles → 0 stories
  Fetching Macro…
    → 0 articles
  Fetching Culture/Fashion…
    → 0 articles
  Fetching Sports…
    → L'Équipe: 0, BBC Sport: 0
  Fetching conflict news…
    → 0 articles for conflict matching
  Fetching Paris…
    → 0 Paris articles
  Fetching Cities (Marseille & Paris)…
    → 0 city articles
  Fetching calendar event news…
    → event news: F1 Season 2026
    → event news: Coachella
    → event news: Venice Biennale
    → event news: Met Gala
    → event news: Frieze New York
    → event news: European Aquatics Champs
    → event news: Cannes Film Festival
    → event news: UEFA Europa League Final
    → event news: F1 Monaco GP
    → event news: Roland Garros
    → event news: UEFA Champions League Final
    → event news: Epsom Derby
    → event news: Prix du Jockey Club
    → event news: FIFA World Cup 2026
    → event news: Vivatech Paris
    → event news: G7 Summit
    → event news: Royal Ascot
    → event news: Art Basel Basel
    → event news: US Open Golf
    → event news: Paris Men's Fashion Week
    → event news: Glastonbury
    → event news: Wimbledon
    → event news: Henley Royal Regatta
    → event news: Tour de France
    → event news: F1 British GP (Silverstone)
    → event news: Haute Couture FW
    → event news: The Open Championship
    → event news: World Aquatics Champs
    → event news: Rolex Fastnet Race
    → 0 events with coverage
──────────────────────────────────────────────────────
✓  Saved → /Users/antoinebernard/news_dashboard/index.html
Morning Brief v4 — 2026-05-16 19:20
──────────────────────────────────────────────────────
  Fetching AFP (Telegram)…
  ⚠  Telegram https://t.me/+5VtjHHeuarNjYTBk: The API access for bot users is restricted. The method you tried to invoke cannot be executed as a bot (caused by CheckChatInviteRequest)
    → 0 AFP messages
  Fetching Tech/VC…
    → 40 articles → 31 stories
  Fetching Macro…
    → 24 articles
  Fetching Culture/Fashion…
    → 30 articles
  Fetching Sports…
    → L'Équipe: 10, BBC Sport: 10
  Fetching conflict news…
    → 84 articles for conflict matching
  Fetching Paris…
    → 9 Paris articles
  Fetching Cities (Marseille & Paris)…
    → 35 city articles
  Fetching calendar event news…
    → event news: F1 Season 2026
    → event news: Coachella
    → event news: Venice Biennale
    → event news: Met Gala
    → event news: Frieze New York
    → event news: European Aquatics Champs
    → event news: Cannes Film Festival
    → event news: UEFA Europa League Final
    → event news: F1 Monaco GP
    → event news: Roland Garros
    → event news: UEFA Champions League Final
    → event news: Epsom Derby
    → event news: Prix du Jockey Club
    → event news: FIFA World Cup 2026
    → event news: Vivatech Paris
    → event news: G7 Summit
    → event news: Royal Ascot
    → event news: Art Basel Basel
    → event news: US Open Golf
    → event news: Paris Men's Fashion Week
    → event news: Glastonbury
    → event news: Wimbledon
    → event news: Henley Royal Regatta
    → event news: Tour de France
    → event news: F1 British GP (Silverstone)
    → event news: Haute Couture FW
    → event news: The Open Championship
    → event news: World Aquatics Champs
    → event news: Rolex Fastnet Race
    → 29 events with coverage
──────────────────────────────────────────────────────
✓  Saved → /Users/antoinebernard/news_dashboard/index.html
Morning Brief v4 — 2026-05-16 22:01
──────────────────────────────────────────────────────
  Fetching AFP (Telegram)…
  ⚠  Telegram https://t.me/+5VtjHHeuarNjYTBk: The API access for bot users is restricted. The method you tried to invoke cannot be executed as a bot (caused by CheckChatInviteRequest)
    → 0 AFP messages
  Fetching Tech/VC…
    → 39 articles → 30 stories
  Fetching Macro…
    → 24 articles
  Fetching Culture/Fashion…
    → 30 articles
  Fetching Sports…
    → L'Équipe: 10, BBC Sport: 10
  Fetching conflict news…
    → 82 articles for conflict matching
  Fetching Paris…
    → 9 Paris articles
  Fetching Cities (Marseille & Paris)…
    → 34 city articles
  Fetching calendar event news…
    → event news: F1 Season 2026
    → event news: Coachella
    → event news: Venice Biennale
    → event news: Met Gala
    → event news: Frieze New York
    → event news: European Aquatics Champs
    → event news: Cannes Film Festival
    → event news: UEFA Europa League Final
    → event news: F1 Monaco GP
    → event news: Roland Garros
    → event news: UEFA Champions League Final
    → event news: Epsom Derby
    → event news: Prix du Jockey Club
    → event news: FIFA World Cup 2026
    → event news: Vivatech Paris
    → event news: G7 Summit
    → event news: Royal Ascot
    → event news: Art Basel Basel
    → event news: US Open Golf
    → event news: Paris Men's Fashion Week
    → event news: Glastonbury
    → event news: Wimbledon
    → event news: Henley Royal Regatta
    → event news: Tour de France
    → event news: F1 British GP (Silverstone)
    → event news: Haute Couture FW
    → event news: The Open Championship
    → event news: World Aquatics Champs
    → event news: Rolex Fastnet Race
    → 29 events with coverage
──────────────────────────────────────────────────────
✓  Saved → /Users/antoinebernard/news_dashboard/index.html
Morning Brief v4 — 2026-05-16 23:02
──────────────────────────────────────────────────────
  Fetching AFP (Telegram)…
  ⚠  Telegram https://t.me/+5VtjHHeuarNjYTBk: The API access for bot users is restricted. The method you tried to invoke cannot be executed as a bot (caused by CheckChatInviteRequest)
    → 0 AFP messages
  Fetching Tech/VC…
    → 39 articles → 30 stories
  Fetching Macro…
    → 24 articles
  Fetching Culture/Fashion…
    → 30 articles
  Fetching Sports…
    → L'Équipe: 10, BBC Sport: 10
  Fetching conflict news…
    → 84 articles for conflict matching
  Fetching Paris…
    → 9 Paris articles
  Fetching Cities (Marseille & Paris)…
    → 34 city articles
  Fetching calendar event news…
    → event news: F1 Season 2026
    → event news: Coachella
    → event news: Venice Biennale
    → event news: Met Gala
    → event news: Frieze New York
    → event news: European Aquatics Champs
    → event news: Cannes Film Festival
    → event news: UEFA Europa League Final
    → event news: F1 Monaco GP
    → event news: Roland Garros
    → event news: UEFA Champions League Final
    → event news: Epsom Derby
    → event news: Prix du Jockey Club
    → event news: FIFA World Cup 2026
    → event news: Vivatech Paris
    → event news: G7 Summit
    → event news: Royal Ascot
    → event news: Art Basel Basel
    → event news: US Open Golf
    → event news: Paris Men's Fashion Week
    → event news: Glastonbury
    → event news: Wimbledon
    → event news: Henley Royal Regatta
    → event news: Tour de France
    → event news: F1 British GP (Silverstone)
    → event news: Haute Couture FW
    → event news: The Open Championship
    → event news: World Aquatics Champs
    → event news: Rolex Fastnet Race
    → 29 events with coverage
──────────────────────────────────────────────────────
✓  Saved → /Users/antoinebernard/news_dashboard/index.html
Attempt 1 at connecting failed: OSError: [Errno 51] Network is unreachable
Attempt 2 at connecting failed: OSError: [Errno 51] Network is unreachable
Attempt 3 at connecting failed: OSError: [Errno 51] Network is unreachable
Attempt 4 at connecting failed: OSError: [Errno 51] Network is unreachable
Attempt 5 at connecting failed: OSError: [Errno 51] Network is unreachable
Attempt 6 at connecting failed: OSError: [Errno 51] Network is unreachable
Morning Brief v4 — 2026-05-17 10:33
──────────────────────────────────────────────────────
  Fetching AFP (Telegram)…
  ⚠  Telegram client: Connection to Telegram failed 5 time(s)
    → 0 AFP messages
  Fetching Tech/VC…
    → 0 articles → 0 stories
  Fetching Macro…
    → 0 articles
  Fetching Culture/Fashion…
    → 0 articles
  Fetching Sports…
    → L'Équipe: 0, BBC Sport: 0
  Fetching conflict news…
    → 0 articles for conflict matching
  Fetching Paris…
    → 0 Paris articles
  Fetching Cities (Marseille & Paris)…
    → 0 city articles
  Fetching calendar event news…
    → event news: F1 Season 2026
    → event news: Coachella
    → event news: Venice Biennale
    → event news: Met Gala
    → event news: Frieze New York
    → event news: European Aquatics Champs
    → event news: Cannes Film Festival
    → event news: UEFA Europa League Final
    → event news: F1 Monaco GP
    → event news: Roland Garros
    → event news: UEFA Champions League Final
    → event news: Epsom Derby
    → event news: Prix du Jockey Club
    → event news: FIFA World Cup 2026
    → event news: Vivatech Paris
    → event news: G7 Summit
    → event news: Royal Ascot
    → event news: Art Basel Basel
    → event news: US Open Golf
    → event news: Paris Men's Fashion Week
    → event news: Glastonbury
    → event news: Wimbledon
    → event news: Henley Royal Regatta
    → event news: Tour de France
    → event news: F1 British GP (Silverstone)
    → event news: Haute Couture FW
    → event news: The Open Championship
    → event news: World Aquatics Champs
    → event news: Rolex Fastnet Race
    → 0 events with coverage
──────────────────────────────────────────────────────
✓  Saved → /Users/antoinebernard/news_dashboard/index.html
Morning Brief v4 — 2026-05-17 11:35
──────────────────────────────────────────────────────
  Fetching AFP (Telegram)…
  ⚠  Telegram https://t.me/+5VtjHHeuarNjYTBk: The API access for bot users is restricted. The method you tried to invoke cannot be executed as a bot (caused by CheckChatInviteRequest)
    → 0 AFP messages
  Fetching Tech/VC…
    → 39 articles → 30 stories
  Fetching Macro…
    → 24 articles
  Fetching Culture/Fashion…
    → 31 articles
  Fetching Sports…
    → L'Équipe: 10, BBC Sport: 10
  Fetching conflict news…
    → 81 articles for conflict matching
  Fetching Paris…
    → 10 Paris articles
  Fetching Cities (Marseille & Paris)…
    → 35 city articles
  Fetching calendar event news…
    → event news: F1 Season 2026
    → event news: Coachella
    → event news: Venice Biennale
    → event news: Met Gala
    → event news: Frieze New York
    → event news: European Aquatics Champs
    → event news: Cannes Film Festival
    → event news: UEFA Europa League Final
    → event news: F1 Monaco GP
    → event news: Roland Garros
    → event news: UEFA Champions League Final
    → event news: Epsom Derby
    → event news: Prix du Jockey Club
    → event news: FIFA World Cup 2026
    → event news: Vivatech Paris
    → event news: G7 Summit
    → event news: Royal Ascot
    → event news: Art Basel Basel
    → event news: US Open Golf
    → event news: Paris Men's Fashion Week
    → event news: Glastonbury
    → event news: Wimbledon
    → event news: Henley Royal Regatta
    → event news: Tour de France
    → event news: F1 British GP (Silverstone)
    → event news: Haute Couture FW
    → event news: The Open Championship
    → event news: World Aquatics Champs
    → event news: Rolex Fastnet Race
    → 29 events with coverage
──────────────────────────────────────────────────────
✓  Saved → /Users/antoinebernard/news_dashboard/index.html
Morning Brief v4 — 2026-05-17 20:21
──────────────────────────────────────────────────────
  Fetching AFP (Telegram)…
  ⚠  Telegram https://t.me/+5VtjHHeuarNjYTBk: The API access for bot users is restricted. The method you tried to invoke cannot be executed as a bot (caused by CheckChatInviteRequest)
    → 0 AFP messages
  Fetching Tech/VC…
    → 39 articles → 31 stories
  Fetching Macro…
    → 24 articles
  Fetching Culture/Fashion…
    → 31 articles
  Fetching Sports…
    → L'Équipe: 10, BBC Sport: 10
  Fetching conflict news…
    → 85 articles for conflict matching
  Fetching Paris…
    → 10 Paris articles
  Fetching Cities (Marseille & Paris)…
    → 36 city articles
  Fetching calendar event news…
    → event news: F1 Season 2026
    → event news: Coachella
    → event news: Venice Biennale
    → event news: Met Gala
    → event news: Frieze New York
    → event news: European Aquatics Champs
    → event news: Cannes Film Festival
    → event news: UEFA Europa League Final
    → event news: F1 Monaco GP
    → event news: Roland Garros
    → event news: UEFA Champions League Final
    → event news: Epsom Derby
    → event news: Prix du Jockey Club
    → event news: FIFA World Cup 2026
    → event news: Vivatech Paris
    → event news: G7 Summit
    → event news: Royal Ascot
    → event news: Art Basel Basel
    → event news: US Open Golf
    → event news: Paris Men's Fashion Week
    → event news: Glastonbury
    → event news: Wimbledon
    → event news: Henley Royal Regatta
    → event news: Tour de France
    → event news: F1 British GP (Silverstone)
    → event news: Haute Couture FW
    → event news: The Open Championship
    → event news: World Aquatics Champs
    → event news: Rolex Fastnet Race
    → 29 events with coverage
──────────────────────────────────────────────────────
✓  Saved → /Users/antoinebernard/news_dashboard/index.html
Morning Brief v4 — 2026-05-17 21:22
──────────────────────────────────────────────────────
  Fetching AFP (Telegram)…
  ⚠  Telegram https://t.me/+5VtjHHeuarNjYTBk: The API access for bot users is restricted. The method you tried to invoke cannot be executed as a bot (caused by CheckChatInviteRequest)
    → 0 AFP messages
  Fetching Tech/VC…
    → 39 articles → 31 stories
  Fetching Macro…
    → 24 articles
  Fetching Culture/Fashion…
    → 31 articles
  Fetching Sports…
    → L'Équipe: 10, BBC Sport: 10
  Fetching conflict news…
    → 85 articles for conflict matching
  Fetching Paris…
    → 10 Paris articles
  Fetching Cities (Marseille & Paris)…
    → 34 city articles
  Fetching calendar event news…
    → event news: F1 Season 2026
    → event news: Coachella
    → event news: Venice Biennale
    → event news: Met Gala
    → event news: Frieze New York
    → event news: European Aquatics Champs
    → event news: Cannes Film Festival
    → event news: UEFA Europa League Final
    → event news: F1 Monaco GP
    → event news: Roland Garros
    → event news: UEFA Champions League Final
    → event news: Epsom Derby
    → event news: Prix du Jockey Club
    → event news: FIFA World Cup 2026
    → event news: Vivatech Paris
    → event news: G7 Summit
    → event news: Royal Ascot
    → event news: Art Basel Basel
    → event news: US Open Golf
    → event news: Paris Men's Fashion Week
    → event news: Glastonbury
    → event news: Wimbledon
    → event news: Henley Royal Regatta
    → event news: Tour de France
    → event news: F1 British GP (Silverstone)
    → event news: Haute Couture FW
    → event news: The Open Championship
    → event news: World Aquatics Champs
    → event news: Rolex Fastnet Race
    → 29 events with coverage
──────────────────────────────────────────────────────
✓  Saved → /Users/antoinebernard/news_dashboard/index.html
Morning Brief v4 — 2026-05-17 22:23
──────────────────────────────────────────────────────
  Fetching AFP (Telegram)…
  ⚠  Telegram https://t.me/+5VtjHHeuarNjYTBk: The API access for bot users is restricted. The method you tried to invoke cannot be executed as a bot (caused by CheckChatInviteRequest)
    → 0 AFP messages
  Fetching Tech/VC…
    → 39 articles → 31 stories
  Fetching Macro…
    → 24 articles
  Fetching Culture/Fashion…
    → 31 articles
  Fetching Sports…
    → L'Équipe: 10, BBC Sport: 10
  Fetching conflict news…
    → 84 articles for conflict matching
  Fetching Paris…
    → 10 Paris articles
  Fetching Cities (Marseille & Paris)…
    → 34 city articles
  Fetching calendar event news…
    → event news: F1 Season 2026
    → event news: Coachella
    → event news: Venice Biennale
    → event news: Met Gala
    → event news: Frieze New York
    → event news: European Aquatics Champs
    → event news: Cannes Film Festival
    → event news: UEFA Europa League Final
    → event news: F1 Monaco GP
    → event news: Roland Garros
    → event news: UEFA Champions League Final
    → event news: Epsom Derby
    → event news: Prix du Jockey Club
    → event news: FIFA World Cup 2026
    → event news: Vivatech Paris
    → event news: G7 Summit
    → event news: Royal Ascot
    → event news: Art Basel Basel
    → event news: US Open Golf
    → event news: Paris Men's Fashion Week
    → event news: Glastonbury
    → event news: Wimbledon
    → event news: Henley Royal Regatta
    → event news: Tour de France
    → event news: F1 British GP (Silverstone)
    → event news: Haute Couture FW
    → event news: The Open Championship
    → event news: World Aquatics Champs
    → event news: Rolex Fastnet Race
    → 29 events with coverage
──────────────────────────────────────────────────────
✓  Saved → /Users/antoinebernard/news_dashboard/index.html
Morning Brief v4 — 2026-05-18 09:40
──────────────────────────────────────────────────────
  Fetching AFP (Telegram)…
  ⚠  Telegram https://t.me/+5VtjHHeuarNjYTBk: The API access for bot users is restricted. The method you tried to invoke cannot be executed as a bot (caused by CheckChatInviteRequest)
    → 0 AFP messages
  Fetching Tech/VC…
    → 39 articles → 30 stories
  Fetching Macro…
    → 24 articles
  Fetching Culture/Fashion…
    → 31 articles
  Fetching Sports…
    → L'Équipe: 10, BBC Sport: 10
  Fetching conflict news…
    → 82 articles for conflict matching
  Fetching Paris…
    → 10 Paris articles
  Fetching Cities (Marseille & Paris)…
    → 34 city articles
  Fetching calendar event news…
    → event news: F1 Season 2026
    → event news: Coachella
    → event news: Venice Biennale
    → event news: Met Gala
    → event news: Frieze New York
    → event news: European Aquatics Champs
    → event news: Cannes Film Festival
    → event news: UEFA Europa League Final
    → event news: F1 Monaco GP
    → event news: Roland Garros
    → event news: UEFA Champions League Final
    → event news: Epsom Derby
    → event news: Prix du Jockey Club
    → event news: FIFA World Cup 2026
    → event news: Vivatech Paris
    → event news: G7 Summit
    → event news: Royal Ascot
    → event news: Art Basel Basel
    → event news: US Open Golf
    → event news: Paris Men's Fashion Week
    → event news: Glastonbury
    → event news: Wimbledon
    → event news: Henley Royal Regatta
    → event news: Tour de France
    → event news: F1 British GP (Silverstone)
    → event news: Haute Couture FW
    → event news: The Open Championship
    → event news: World Aquatics Champs
    → event news: Rolex Fastnet Race
    → 29 events with coverage
──────────────────────────────────────────────────────
✓  Saved → /Users/antoinebernard/news_dashboard/index.html
Morning Brief v4 — 2026-05-18 10:41
──────────────────────────────────────────────────────
  Fetching AFP (Telegram)…
  ⚠  Telegram https://t.me/+5VtjHHeuarNjYTBk: The API access for bot users is restricted. The method you tried to invoke cannot be executed as a bot (caused by CheckChatInviteRequest)
    → 0 AFP messages
  Fetching Tech/VC…
    → 39 articles → 30 stories
  Fetching Macro…
    → 24 articles
  Fetching Culture/Fashion…
    → 31 articles
  Fetching Sports…
    → L'Équipe: 10, BBC Sport: 10
  Fetching conflict news…
    → 81 articles for conflict matching
  Fetching Paris…
    → 10 Paris articles
  Fetching Cities (Marseille & Paris)…
    → 34 city articles
  Fetching calendar event news…
    → event news: F1 Season 2026
    → event news: Coachella
    → event news: Venice Biennale
    → event news: Met Gala
    → event news: Frieze New York
    → event news: European Aquatics Champs
    → event news: Cannes Film Festival
    → event news: UEFA Europa League Final
    → event news: F1 Monaco GP
    → event news: Roland Garros
    → event news: UEFA Champions League Final
    → event news: Epsom Derby
    → event news: Prix du Jockey Club
    → event news: FIFA World Cup 2026
    → event news: Vivatech Paris
    → event news: G7 Summit
    → event news: Royal Ascot
    → event news: Art Basel Basel
    → event news: US Open Golf
    → event news: Paris Men's Fashion Week
    → event news: Glastonbury
    → event news: Wimbledon
    → event news: Henley Royal Regatta
    → event news: Tour de France
    → event news: F1 British GP (Silverstone)
    → event news: Haute Couture FW
    → event news: The Open Championship
    → event news: World Aquatics Champs
    → event news: Rolex Fastnet Race
    → 29 events with coverage
──────────────────────────────────────────────────────
✓  Saved → /Users/antoinebernard/news_dashboard/index.html
Morning Brief v4 — 2026-05-18 11:42
──────────────────────────────────────────────────────
  Fetching AFP (Telegram)…
  ⚠  Telegram https://t.me/+5VtjHHeuarNjYTBk: The API access for bot users is restricted. The method you tried to invoke cannot be executed as a bot (caused by CheckChatInviteRequest)
    → 0 AFP messages
  Fetching Tech/VC…
    → 39 articles → 30 stories
  Fetching Macro…
    → 24 articles
  Fetching Culture/Fashion…
    → 31 articles
  Fetching Sports…
    → L'Équipe: 10, BBC Sport: 10
  Fetching conflict news…
    → 80 articles for conflict matching
  Fetching Paris…
    → 10 Paris articles
  Fetching Cities (Marseille & Paris)…
    → 35 city articles
  Fetching calendar event news…
    → event news: F1 Season 2026
    → event news: Coachella
    → event news: Venice Biennale
    → event news: Met Gala
    → event news: Frieze New York
    → event news: European Aquatics Champs
    → event news: Cannes Film Festival
    → event news: UEFA Europa League Final
    → event news: F1 Monaco GP
    → event news: Roland Garros
    → event news: UEFA Champions League Final
    → event news: Epsom Derby
    → event news: Prix du Jockey Club
    → event news: FIFA World Cup 2026
    → event news: Vivatech Paris
    → event news: G7 Summit
    → event news: Royal Ascot
    → event news: Art Basel Basel
    → event news: US Open Golf
    → event news: Paris Men's Fashion Week
    → event news: Glastonbury
    → event news: Wimbledon
    → event news: Henley Royal Regatta
    → event news: Tour de France
    → event news: F1 British GP (Silverstone)
    → event news: Haute Couture FW
    → event news: The Open Championship
    → event news: World Aquatics Champs
    → event news: Rolex Fastnet Race
    → 29 events with coverage
──────────────────────────────────────────────────────
✓  Saved → /Users/antoinebernard/news_dashboard/index.html
Morning Brief v4 — 2026-05-18 12:43
──────────────────────────────────────────────────────
  Fetching AFP (Telegram)…
  ⚠  Telegram https://t.me/+5VtjHHeuarNjYTBk: The API access for bot users is restricted. The method you tried to invoke cannot be executed as a bot (caused by CheckChatInviteRequest)
    → 0 AFP messages
  Fetching Tech/VC…
    → 40 articles → 31 stories
  Fetching Macro…
    → 24 articles
  Fetching Culture/Fashion…
    → 31 articles
  Fetching Sports…
    → L'Équipe: 10, BBC Sport: 10
  Fetching conflict news…
    → 80 articles for conflict matching
  Fetching Paris…
    → 10 Paris articles
  Fetching Cities (Marseille & Paris)…
    → 35 city articles
  Fetching calendar event news…
    → event news: F1 Season 2026
    → event news: Coachella
    → event news: Venice Biennale
    → event news: Met Gala
    → event news: Frieze New York
    → event news: European Aquatics Champs
    → event news: Cannes Film Festival
    → event news: UEFA Europa League Final
    → event news: F1 Monaco GP
    → event news: Roland Garros
    → event news: UEFA Champions League Final
    → event news: Epsom Derby
    → event news: Prix du Jockey Club
    → event news: FIFA World Cup 2026
    → event news: Vivatech Paris
    → event news: G7 Summit
    → event news: Royal Ascot
    → event news: Art Basel Basel
    → event news: US Open Golf
    → event news: Paris Men's Fashion Week
    → event news: Glastonbury
    → event news: Wimbledon
    → event news: Henley Royal Regatta
    → event news: Tour de France
    → event news: F1 British GP (Silverstone)
    → event news: Haute Couture FW
    → event news: The Open Championship
    → event news: World Aquatics Champs
    → event news: Rolex Fastnet Race
    → 29 events with coverage
──────────────────────────────────────────────────────
✓  Saved → /Users/antoinebernard/news_dashboard/index.html
Morning Brief v4 — 2026-05-18 13:47
──────────────────────────────────────────────────────
  Fetching AFP (Telegram)…
  ⚠  Telegram https://t.me/+5VtjHHeuarNjYTBk: The API access for bot users is restricted. The method you tried to invoke cannot be executed as a bot (caused by CheckChatInviteRequest)
    → 0 AFP messages
  Fetching Tech/VC…
    → 40 articles → 32 stories
  Fetching Macro…
    → 24 articles
  Fetching Culture/Fashion…
    → 30 articles
  Fetching Sports…
    → L'Équipe: 10, BBC Sport: 10
  Fetching conflict news…
    → 78 articles for conflict matching
  Fetching Paris…
    → 10 Paris articles
  Fetching Cities (Marseille & Paris)…
    → 37 city articles
  Fetching calendar event news…
    → event news: F1 Season 2026
    → event news: Coachella
    → event news: Venice Biennale
    → event news: Met Gala
    → event news: Frieze New York
    → event news: European Aquatics Champs
    → event news: Cannes Film Festival
    → event news: UEFA Europa League Final
    → event news: F1 Monaco GP
    → event news: Roland Garros
    → event news: UEFA Champions League Final
    → event news: Epsom Derby
    → event news: Prix du Jockey Club
    → event news: FIFA World Cup 2026
    → event news: Vivatech Paris
    → event news: G7 Summit
    → event news: Royal Ascot
    → event news: Art Basel Basel
    → event news: US Open Golf
    → event news: Paris Men's Fashion Week
    → event news: Glastonbury
    → event news: Wimbledon
    → event news: Henley Royal Regatta
    → event news: Tour de France
    → event news: F1 British GP (Silverstone)
    → event news: Haute Couture FW
    → event news: The Open Championship
    → event news: World Aquatics Champs
    → event news: Rolex Fastnet Race
    → 29 events with coverage
──────────────────────────────────────────────────────
✓  Saved → /Users/antoinebernard/news_dashboard/index.html
Morning Brief v4 — 2026-05-18 14:53
──────────────────────────────────────────────────────
  Fetching AFP (Telegram)…
  ⚠  Telegram https://t.me/+5VtjHHeuarNjYTBk: The API access for bot users is restricted. The method you tried to invoke cannot be executed as a bot (caused by CheckChatInviteRequest)
    → 0 AFP messages
  Fetching Tech/VC…
    → 41 articles → 34 stories
  Fetching Macro…
    → 24 articles
  Fetching Culture/Fashion…
    → 30 articles
  Fetching Sports…
    → L'Équipe: 10, BBC Sport: 10
  Fetching conflict news…
    → 78 articles for conflict matching
  Fetching Paris…
    → 10 Paris articles
  Fetching Cities (Marseille & Paris)…
    → 36 city articles
  Fetching calendar event news…
    → event news: F1 Season 2026
    → event news: Coachella
    → event news: Venice Biennale
    → event news: Met Gala
    → event news: Frieze New York
    → event news: European Aquatics Champs
    → event news: Cannes Film Festival
    → event news: UEFA Europa League Final
    → event news: F1 Monaco GP
    → event news: Roland Garros
    → event news: UEFA Champions League Final
    → event news: Epsom Derby
    → event news: Prix du Jockey Club
    → event news: FIFA World Cup 2026
    → event news: Vivatech Paris
    → event news: G7 Summit
    → event news: Royal Ascot
    → event news: Art Basel Basel
    → event news: US Open Golf
    → event news: Paris Men's Fashion Week
    → event news: Glastonbury
    → event news: Wimbledon
    → event news: Henley Royal Regatta
    → event news: Tour de France
    → event news: F1 British GP (Silverstone)
    → event news: Haute Couture FW
    → event news: The Open Championship
    → event news: World Aquatics Champs
    → event news: Rolex Fastnet Race
    → 29 events with coverage
──────────────────────────────────────────────────────
✓  Saved → /Users/antoinebernard/news_dashboard/index.html
Morning Brief v4 — 2026-05-18 15:58
──────────────────────────────────────────────────────
  Fetching AFP (Telegram)…
  ⚠  Telegram https://t.me/+5VtjHHeuarNjYTBk: The API access for bot users is restricted. The method you tried to invoke cannot be executed as a bot (caused by CheckChatInviteRequest)
    → 0 AFP messages
  Fetching Tech/VC…
    → 41 articles → 34 stories
  Fetching Macro…
    → 24 articles
  Fetching Culture/Fashion…
    → 30 articles
  Fetching Sports…
    → L'Équipe: 10, BBC Sport: 10
  Fetching conflict news…
    → 79 articles for conflict matching
  Fetching Paris…
    → 10 Paris articles
  Fetching Cities (Marseille & Paris)…
    → 36 city articles
  Fetching calendar event news…
    → event news: F1 Season 2026
    → event news: Coachella
    → event news: Venice Biennale
    → event news: Met Gala
    → event news: Frieze New York
    → event news: European Aquatics Champs
    → event news: Cannes Film Festival
    → event news: UEFA Europa League Final
    → event news: F1 Monaco GP
    → event news: Roland Garros
    → event news: UEFA Champions League Final
    → event news: Epsom Derby
    → event news: Prix du Jockey Club
    → event news: FIFA World Cup 2026
    → event news: Vivatech Paris
    → event news: G7 Summit
    → event news: Royal Ascot
    → event news: Art Basel Basel
    → event news: US Open Golf
    → event news: Paris Men's Fashion Week
    → event news: Glastonbury
    → event news: Wimbledon
    → event news: Henley Royal Regatta
    → event news: Tour de France
    → event news: F1 British GP (Silverstone)
    → event news: Haute Couture FW
    → event news: The Open Championship
    → event news: World Aquatics Champs
    → event news: Rolex Fastnet Race
    → 29 events with coverage
──────────────────────────────────────────────────────
✓  Saved → /Users/antoinebernard/news_dashboard/index.html
Morning Brief v4 — 2026-05-18 16:59
──────────────────────────────────────────────────────
  Fetching AFP (Telegram)…
  ⚠  Telegram https://t.me/+5VtjHHeuarNjYTBk: The API access for bot users is restricted. The method you tried to invoke cannot be executed as a bot (caused by CheckChatInviteRequest)
    → 0 AFP messages
  Fetching Tech/VC…
    → 41 articles → 34 stories
  Fetching Macro…
    → 24 articles
  Fetching Culture/Fashion…
    → 30 articles
  Fetching Sports…
    → L'Équipe: 10, BBC Sport: 10
  Fetching conflict news…
    → 79 articles for conflict matching
  Fetching Paris…
    → 10 Paris articles
  Fetching Cities (Marseille & Paris)…
    → 35 city articles
  Fetching calendar event news…
    → event news: F1 Season 2026
    → event news: Coachella
    → event news: Venice Biennale
    → event news: Met Gala
    → event news: Frieze New York
    → event news: European Aquatics Champs
    → event news: Cannes Film Festival
    → event news: UEFA Europa League Final
    → event news: F1 Monaco GP
    → event news: Roland Garros
    → event news: UEFA Champions League Final
    → event news: Epsom Derby
    → event news: Prix du Jockey Club
    → event news: FIFA World Cup 2026
    → event news: Vivatech Paris
    → event news: G7 Summit
    → event news: Royal Ascot
    → event news: Art Basel Basel
    → event news: US Open Golf
    → event news: Paris Men's Fashion Week
    → event news: Glastonbury
    → event news: Wimbledon
    → event news: Henley Royal Regatta
    → event news: Tour de France
    → event news: F1 British GP (Silverstone)
    → event news: Haute Couture FW
    → event news: The Open Championship
    → event news: World Aquatics Champs
    → event news: Rolex Fastnet Race
    → 29 events with coverage
──────────────────────────────────────────────────────
✓  Saved → /Users/antoinebernard/news_dashboard/index.html
Morning Brief v4 — 2026-05-18 18:01
──────────────────────────────────────────────────────
  Fetching AFP (Telegram)…
  ⚠  Telegram https://t.me/+5VtjHHeuarNjYTBk: The API access for bot users is restricted. The method you tried to invoke cannot be executed as a bot (caused by CheckChatInviteRequest)
    → 0 AFP messages
  Fetching Tech/VC…
    → 42 articles → 35 stories
  Fetching Macro…
    → 24 articles
  Fetching Culture/Fashion…
    → 30 articles
  Fetching Sports…
    → L'Équipe: 10, BBC Sport: 10
  Fetching conflict news…
    → 78 articles for conflict matching
  Fetching Paris…
    → 10 Paris articles
  Fetching Cities (Marseille & Paris)…
    → 37 city articles
  Fetching calendar event news…
    → event news: F1 Season 2026
    → event news: Coachella
    → event news: Venice Biennale
    → event news: Met Gala
    → event news: Frieze New York
    → event news: European Aquatics Champs
    → event news: Cannes Film Festival
    → event news: UEFA Europa League Final
    → event news: F1 Monaco GP
    → event news: Roland Garros
    → event news: UEFA Champions League Final
    → event news: Epsom Derby
    → event news: Prix du Jockey Club
    → event news: FIFA World Cup 2026
    → event news: Vivatech Paris
    → event news: G7 Summit
    → event news: Royal Ascot
    → event news: Art Basel Basel
    → event news: US Open Golf
    → event news: Paris Men's Fashion Week
    → event news: Glastonbury
    → event news: Wimbledon
    → event news: Henley Royal Regatta
    → event news: Tour de France
    → event news: F1 British GP (Silverstone)
    → event news: Haute Couture FW
    → event news: The Open Championship
    → event news: World Aquatics Champs
    → event news: Rolex Fastnet Race
    → 29 events with coverage
──────────────────────────────────────────────────────
✓  Saved → /Users/antoinebernard/news_dashboard/index.html
Morning Brief v4 — 2026-05-18 19:02
──────────────────────────────────────────────────────
  Fetching AFP (Telegram)…
  ⚠  Telegram https://t.me/+5VtjHHeuarNjYTBk: The API access for bot users is restricted. The method you tried to invoke cannot be executed as a bot (caused by CheckChatInviteRequest)
    → 0 AFP messages
  Fetching Tech/VC…
    → 42 articles → 35 stories
  Fetching Macro…
    → 24 articles
  Fetching Culture/Fashion…
    → 30 articles
  Fetching Sports…
    → L'Équipe: 10, BBC Sport: 10
  Fetching conflict news…
    → 79 articles for conflict matching
  Fetching Paris…
    → 10 Paris articles
  Fetching Cities (Marseille & Paris)…
    → 37 city articles
  Fetching calendar event news…
    → event news: F1 Season 2026
    → event news: Coachella
    → event news: Venice Biennale
    → event news: Met Gala
    → event news: Frieze New York
    → event news: European Aquatics Champs
    → event news: Cannes Film Festival
    → event news: UEFA Europa League Final
    → event news: F1 Monaco GP
    → event news: Roland Garros
    → event news: UEFA Champions League Final
    → event news: Epsom Derby
    → event news: Prix du Jockey Club
    → event news: FIFA World Cup 2026
    → event news: Vivatech Paris
    → event news: G7 Summit
    → event news: Royal Ascot
    → event news: Art Basel Basel
    → event news: US Open Golf
    → event news: Paris Men's Fashion Week
    → event news: Glastonbury
    → event news: Wimbledon
    → event news: Henley Royal Regatta
    → event news: Tour de France
    → event news: F1 British GP (Silverstone)
    → event news: Haute Couture FW
    → event news: The Open Championship
    → event news: World Aquatics Champs
    → event news: Rolex Fastnet Race
    → 29 events with coverage
──────────────────────────────────────────────────────
✓  Saved → /Users/antoinebernard/news_dashboard/index.html
Morning Brief v4 — 2026-05-18 20:40
──────────────────────────────────────────────────────
  Fetching AFP (Telegram)…
  ⚠  Telegram https://t.me/+5VtjHHeuarNjYTBk: The API access for bot users is restricted. The method you tried to invoke cannot be executed as a bot (caused by CheckChatInviteRequest)
    → 0 AFP messages
  Fetching Tech/VC…
    → 42 articles → 33 stories
  Fetching Macro…
    → 24 articles
  Fetching Culture/Fashion…
    → 30 articles
  Fetching Sports…
    → L'Équipe: 10, BBC Sport: 10
  Fetching conflict news…
    → 80 articles for conflict matching
  Fetching Paris…
    → 10 Paris articles
  Fetching Cities (Marseille & Paris)…
    → 36 city articles
  Fetching calendar event news…
    → event news: F1 Season 2026
    → event news: Coachella
    → event news: Venice Biennale
    → event news: Met Gala
    → event news: Frieze New York
    → event news: European Aquatics Champs
    → event news: Cannes Film Festival
    → event news: UEFA Europa League Final
    → event news: F1 Monaco GP
    → event news: Roland Garros
    → event news: UEFA Champions League Final
    → event news: Epsom Derby
    → event news: Prix du Jockey Club
    → event news: FIFA World Cup 2026
    → event news: Vivatech Paris
    → event news: G7 Summit
    → event news: Royal Ascot
    → event news: Art Basel Basel
    → event news: US Open Golf
    → event news: Paris Men's Fashion Week
    → event news: Glastonbury
    → event news: Wimbledon
    → event news: Henley Royal Regatta
    → event news: Tour de France
    → event news: F1 British GP (Silverstone)
    → event news: Haute Couture FW
    → event news: The Open Championship
    → event news: World Aquatics Champs
    → event news: Rolex Fastnet Race
    → 29 events with coverage
──────────────────────────────────────────────────────
✓  Saved → /Users/antoinebernard/news_dashboard/index.html
Morning Brief v4 — 2026-05-19 09:22
──────────────────────────────────────────────────────
  Fetching AFP (Telegram)…
  ⚠  Telegram https://t.me/+5VtjHHeuarNjYTBk: The API access for bot users is restricted. The method you tried to invoke cannot be executed as a bot (caused by CheckChatInviteRequest)
    → 0 AFP messages
  Fetching Tech/VC…
    → 42 articles → 30 stories
  Fetching Macro…
    → 24 articles
  Fetching Culture/Fashion…
    → 31 articles
  Fetching Sports…
    → L'Équipe: 10, BBC Sport: 10
  Fetching conflict news…
    → 79 articles for conflict matching
  Fetching Paris…
    → 10 Paris articles
  Fetching Cities (Marseille & Paris)…
    → 38 city articles
  Fetching calendar event news…
    → event news: F1 Season 2026
    → event news: Coachella
    → event news: Venice Biennale
    → event news: Met Gala
    → event news: Frieze New York
    → event news: European Aquatics Champs
    → event news: Cannes Film Festival
    → event news: UEFA Europa League Final
    → event news: F1 Monaco GP
    → event news: Roland Garros
    → event news: UEFA Champions League Final
    → event news: Epsom Derby
    → event news: Prix du Jockey Club
    → event news: FIFA World Cup 2026
    → event news: Vivatech Paris
    → event news: G7 Summit
    → event news: Royal Ascot
    → event news: Art Basel Basel
    → event news: US Open Golf
    → event news: Paris Men's Fashion Week
    → event news: Glastonbury
    → event news: Wimbledon
    → event news: Henley Royal Regatta
    → event news: Tour de France
    → event news: F1 British GP (Silverstone)
    → event news: Haute Couture FW
    → event news: The Open Championship
    → event news: World Aquatics Champs
    → event news: Rolex Fastnet Race
    → 29 events with coverage
──────────────────────────────────────────────────────
✓  Saved → /Users/antoinebernard/news_dashboard/index.html
Morning Brief v4 — 2026-05-19 10:23
──────────────────────────────────────────────────────
  Fetching AFP (Telegram)…
  ⚠  Telegram https://t.me/+5VtjHHeuarNjYTBk: The API access for bot users is restricted. The method you tried to invoke cannot be executed as a bot (caused by CheckChatInviteRequest)
    → 0 AFP messages
  Fetching Tech/VC…
    → 42 articles → 30 stories
  Fetching Macro…
    → 24 articles
  Fetching Culture/Fashion…
    → 31 articles
  Fetching Sports…
    → L'Équipe: 10, BBC Sport: 10
  Fetching conflict news…
    → 78 articles for conflict matching
  Fetching Paris…
    → 10 Paris articles
  Fetching Cities (Marseille & Paris)…
    → 37 city articles
  Fetching calendar event news…
    → event news: F1 Season 2026
    → event news: Coachella
    → event news: Venice Biennale
    → event news: Met Gala
    → event news: Frieze New York
    → event news: European Aquatics Champs
    → event news: Cannes Film Festival
    → event news: UEFA Europa League Final
    → event news: F1 Monaco GP
    → event news: Roland Garros
    → event news: UEFA Champions League Final
    → event news: Epsom Derby
    → event news: Prix du Jockey Club
    → event news: FIFA World Cup 2026
    → event news: Vivatech Paris
    → event news: G7 Summit
    → event news: Royal Ascot
    → event news: Art Basel Basel
    → event news: US Open Golf
    → event news: Paris Men's Fashion Week
    → event news: Glastonbury
    → event news: Wimbledon
    → event news: Henley Royal Regatta
    → event news: Tour de France
    → event news: F1 British GP (Silverstone)
    → event news: Haute Couture FW
    → event news: The Open Championship
    → event news: World Aquatics Champs
    → event news: Rolex Fastnet Race
    → 29 events with coverage
──────────────────────────────────────────────────────
✓  Saved → /Users/antoinebernard/news_dashboard/index.html
Morning Brief v4 — 2026-05-19 11:24
──────────────────────────────────────────────────────
  Fetching AFP (Telegram)…
  ⚠  Telegram https://t.me/+5VtjHHeuarNjYTBk: The API access for bot users is restricted. The method you tried to invoke cannot be executed as a bot (caused by CheckChatInviteRequest)
    → 0 AFP messages
  Fetching Tech/VC…
    → 42 articles → 30 stories
  Fetching Macro…
    → 24 articles
  Fetching Culture/Fashion…
    → 31 articles
  Fetching Sports…
    → L'Équipe: 10, BBC Sport: 10
  Fetching conflict news…
    → 77 articles for conflict matching
  Fetching Paris…
    → 10 Paris articles
  Fetching Cities (Marseille & Paris)…
    → 39 city articles
  Fetching calendar event news…
    → event news: F1 Season 2026
    → event news: Coachella
    → event news: Venice Biennale
    → event news: Met Gala
    → event news: Frieze New York
    → event news: European Aquatics Champs
    → event news: Cannes Film Festival
    → event news: UEFA Europa League Final
    → event news: F1 Monaco GP
    → event news: Roland Garros
    → event news: UEFA Champions League Final
    → event news: Epsom Derby
    → event news: Prix du Jockey Club
    → event news: FIFA World Cup 2026
    → event news: Vivatech Paris
    → event news: G7 Summit
    → event news: Royal Ascot
    → event news: Art Basel Basel
    → event news: US Open Golf
    → event news: Paris Men's Fashion Week
    → event news: Glastonbury
    → event news: Wimbledon
    → event news: Henley Royal Regatta
    → event news: Tour de France
    → event news: F1 British GP (Silverstone)
    → event news: Haute Couture FW
    → event news: The Open Championship
    → event news: World Aquatics Champs
    → event news: Rolex Fastnet Race
    → 29 events with coverage
──────────────────────────────────────────────────────
✓  Saved → /Users/antoinebernard/news_dashboard/index.html
Morning Brief v4 — 2026-05-19 12:25
──────────────────────────────────────────────────────
  Fetching AFP (Telegram)…
  ⚠  Telegram https://t.me/+5VtjHHeuarNjYTBk: The API access for bot users is restricted. The method you tried to invoke cannot be executed as a bot (caused by CheckChatInviteRequest)
    → 0 AFP messages
  Fetching Tech/VC…
    → 42 articles → 30 stories
  Fetching Macro…
    → 24 articles
  Fetching Culture/Fashion…
    → 31 articles
  Fetching Sports…
    → L'Équipe: 10, BBC Sport: 10
  Fetching conflict news…
    → 77 articles for conflict matching
  Fetching Paris…
    → 10 Paris articles
  Fetching Cities (Marseille & Paris)…
    → 38 city articles
  Fetching calendar event news…
    → event news: F1 Season 2026
    → event news: Coachella
    → event news: Venice Biennale
    → event news: Met Gala
    → event news: Frieze New York
    → event news: European Aquatics Champs
    → event news: Cannes Film Festival
    → event news: UEFA Europa League Final
    → event news: F1 Monaco GP
    → event news: Roland Garros
    → event news: UEFA Champions League Final
    → event news: Epsom Derby
    → event news: Prix du Jockey Club
    → event news: FIFA World Cup 2026
    → event news: Vivatech Paris
    → event news: G7 Summit
    → event news: Royal Ascot
    → event news: Art Basel Basel
    → event news: US Open Golf
    → event news: Paris Men's Fashion Week
    → event news: Glastonbury
    → event news: Wimbledon
    → event news: Henley Royal Regatta
    → event news: Tour de France
    → event news: F1 British GP (Silverstone)
    → event news: Haute Couture FW
    → event news: The Open Championship
    → event news: World Aquatics Champs
    → event news: Rolex Fastnet Race
    → 29 events with coverage
──────────────────────────────────────────────────────
✓  Saved → /Users/antoinebernard/news_dashboard/index.html
Morning Brief v4 — 2026-05-19 13:26
──────────────────────────────────────────────────────
  Fetching AFP (Telegram)…
  ⚠  Telegram https://t.me/+5VtjHHeuarNjYTBk: The API access for bot users is restricted. The method you tried to invoke cannot be executed as a bot (caused by CheckChatInviteRequest)
    → 0 AFP messages
  Fetching Tech/VC…
    → 43 articles → 31 stories
  Fetching Macro…
    → 24 articles
  Fetching Culture/Fashion…
    → 31 articles
  Fetching Sports…
    → L'Équipe: 10, BBC Sport: 10
  Fetching conflict news…
    → 74 articles for conflict matching
  Fetching Paris…
    → 10 Paris articles
  Fetching Cities (Marseille & Paris)…
    → 37 city articles
  Fetching calendar event news…
    → event news: F1 Season 2026
    → event news: Coachella
    → event news: Venice Biennale
    → event news: Met Gala
    → event news: Frieze New York
    → event news: European Aquatics Champs
    → event news: Cannes Film Festival
    → event news: UEFA Europa League Final
    → event news: F1 Monaco GP
    → event news: Roland Garros
    → event news: UEFA Champions League Final
    → event news: Epsom Derby
    → event news: Prix du Jockey Club
    → event news: FIFA World Cup 2026
    → event news: Vivatech Paris
    → event news: G7 Summit
    → event news: Royal Ascot
    → event news: Art Basel Basel
    → event news: US Open Golf
    → event news: Paris Men's Fashion Week
    → event news: Glastonbury
    → event news: Wimbledon
    → event news: Henley Royal Regatta
    → event news: Tour de France
    → event news: F1 British GP (Silverstone)
    → event news: Haute Couture FW
    → event news: The Open Championship
    → event news: World Aquatics Champs
    → event news: Rolex Fastnet Race
    → 29 events with coverage
──────────────────────────────────────────────────────
✓  Saved → /Users/antoinebernard/news_dashboard/index.html
Morning Brief v4 — 2026-05-19 14:27
──────────────────────────────────────────────────────
  Fetching AFP (Telegram)…
  ⚠  Telegram https://t.me/+5VtjHHeuarNjYTBk: The API access for bot users is restricted. The method you tried to invoke cannot be executed as a bot (caused by CheckChatInviteRequest)
    → 0 AFP messages
  Fetching Tech/VC…
    → 43 articles → 31 stories
  Fetching Macro…
    → 24 articles
  Fetching Culture/Fashion…
    → 31 articles
  Fetching Sports…
    → L'Équipe: 10, BBC Sport: 10
  Fetching conflict news…
    → 78 articles for conflict matching
  Fetching Paris…
    → 10 Paris articles
  Fetching Cities (Marseille & Paris)…
    → 37 city articles
  Fetching calendar event news…
    → event news: F1 Season 2026
    → event news: Coachella
    → event news: Venice Biennale
    → event news: Met Gala
    → event news: Frieze New York
    → event news: European Aquatics Champs
    → event news: Cannes Film Festival
    → event news: UEFA Europa League Final
    → event news: F1 Monaco GP
    → event news: Roland Garros
    → event news: UEFA Champions League Final
    → event news: Epsom Derby
    → event news: Prix du Jockey Club
    → event news: FIFA World Cup 2026
    → event news: Vivatech Paris
    → event news: G7 Summit
    → event news: Royal Ascot
    → event news: Art Basel Basel
    → event news: US Open Golf
    → event news: Paris Men's Fashion Week
    → event news: Glastonbury
    → event news: Wimbledon
    → event news: Henley Royal Regatta
    → event news: Tour de France
    → event news: F1 British GP (Silverstone)
    → event news: Haute Couture FW
    → event news: The Open Championship
    → event news: World Aquatics Champs
    → event news: Rolex Fastnet Race
    → 29 events with coverage
──────────────────────────────────────────────────────
✓  Saved → /Users/antoinebernard/news_dashboard/index.html
Morning Brief v4 — 2026-05-19 15:28
──────────────────────────────────────────────────────
  Fetching AFP (Telegram)…
  ⚠  Telegram https://t.me/+5VtjHHeuarNjYTBk: The API access for bot users is restricted. The method you tried to invoke cannot be executed as a bot (caused by CheckChatInviteRequest)
    → 0 AFP messages
  Fetching Tech/VC…
    → 42 articles → 30 stories
  Fetching Macro…
    → 24 articles
  Fetching Culture/Fashion…
    → 31 articles
  Fetching Sports…
    → L'Équipe: 10, BBC Sport: 10
  Fetching conflict news…
    → 75 articles for conflict matching
  Fetching Paris…
    → 10 Paris articles
  Fetching Cities (Marseille & Paris)…
    → 37 city articles
  Fetching calendar event news…
    → event news: F1 Season 2026
    → event news: Coachella
    → event news: Venice Biennale
    → event news: Met Gala
    → event news: Frieze New York
    → event news: European Aquatics Champs
    → event news: Cannes Film Festival
    → event news: UEFA Europa League Final
    → event news: F1 Monaco GP
    → event news: Roland Garros
    → event news: UEFA Champions League Final
    → event news: Epsom Derby
    → event news: Prix du Jockey Club
    → event news: FIFA World Cup 2026
    → event news: Vivatech Paris
    → event news: G7 Summit
    → event news: Royal Ascot
    → event news: Art Basel Basel
    → event news: US Open Golf
    → event news: Paris Men's Fashion Week
    → event news: Glastonbury
    → event news: Wimbledon
    → event news: Henley Royal Regatta
    → event news: Tour de France
    → event news: F1 British GP (Silverstone)
    → event news: Haute Couture FW
    → event news: The Open Championship
    → event news: World Aquatics Champs
    → event news: Rolex Fastnet Race
    → 29 events with coverage
──────────────────────────────────────────────────────
✓  Saved → /Users/antoinebernard/news_dashboard/index.html
Morning Brief v4 — 2026-05-19 16:41
──────────────────────────────────────────────────────
  Fetching AFP (Telegram)…
  ⚠  Telegram https://t.me/+5VtjHHeuarNjYTBk: The API access for bot users is restricted. The method you tried to invoke cannot be executed as a bot (caused by CheckChatInviteRequest)
    → 0 AFP messages
  Fetching Tech/VC…
    → 42 articles → 30 stories
  Fetching Macro…
    → 24 articles
  Fetching Culture/Fashion…
    → 31 articles
  Fetching Sports…
    → L'Équipe: 10, BBC Sport: 10
  Fetching conflict news…
    → 75 articles for conflict matching
  Fetching Paris…
    → 10 Paris articles
  Fetching Cities (Marseille & Paris)…
    → 38 city articles
  Fetching calendar event news…
    → event news: F1 Season 2026
    → event news: Coachella
    → event news: Venice Biennale
    → event news: Met Gala
    → event news: Frieze New York
    → event news: European Aquatics Champs
    → event news: Cannes Film Festival
    → event news: UEFA Europa League Final
    → event news: F1 Monaco GP
    → event news: Roland Garros
    → event news: UEFA Champions League Final
    → event news: Epsom Derby
    → event news: Prix du Jockey Club
    → event news: FIFA World Cup 2026
    → event news: Vivatech Paris
    → event news: G7 Summit
    → event news: Royal Ascot
    → event news: Art Basel Basel
    → event news: US Open Golf
    → event news: Paris Men's Fashion Week
    → event news: Glastonbury
    → event news: Wimbledon
    → event news: Henley Royal Regatta
    → event news: Tour de France
    → event news: F1 British GP (Silverstone)
    → event news: Haute Couture FW
    → event news: The Open Championship
    → event news: World Aquatics Champs
    → event news: Rolex Fastnet Race
    → 29 events with coverage
──────────────────────────────────────────────────────
✓  Saved → /Users/antoinebernard/news_dashboard/index.html
Morning Brief v4 — 2026-05-19 17:43
──────────────────────────────────────────────────────
  Fetching AFP (Telegram)…
  ⚠  Telegram https://t.me/+5VtjHHeuarNjYTBk: The API access for bot users is restricted. The method you tried to invoke cannot be executed as a bot (caused by CheckChatInviteRequest)
    → 0 AFP messages
  Fetching Tech/VC…
    → 44 articles → 32 stories
  Fetching Macro…
    → 24 articles
  Fetching Culture/Fashion…
    → 31 articles
  Fetching Sports…
    → L'Équipe: 10, BBC Sport: 10
  Fetching conflict news…
    → 74 articles for conflict matching
  Fetching Paris…
    → 10 Paris articles
  Fetching Cities (Marseille & Paris)…
    → 38 city articles
  Fetching calendar event news…
    → event news: F1 Season 2026
    → event news: Coachella
    → event news: Venice Biennale
    → event news: Met Gala
    → event news: Frieze New York
    → event news: European Aquatics Champs
    → event news: Cannes Film Festival
    → event news: UEFA Europa League Final
    → event news: F1 Monaco GP
    → event news: Roland Garros
    → event news: UEFA Champions League Final
    → event news: Epsom Derby
    → event news: Prix du Jockey Club
    → event news: FIFA World Cup 2026
    → event news: Vivatech Paris
    → event news: G7 Summit
    → event news: Royal Ascot
    → event news: Art Basel Basel
    → event news: US Open Golf
    → event news: Paris Men's Fashion Week
    → event news: Glastonbury
    → event news: Wimbledon
    → event news: Henley Royal Regatta
    → event news: Tour de France
    → event news: F1 British GP (Silverstone)
    → event news: Haute Couture FW
    → event news: The Open Championship
    → event news: World Aquatics Champs
    → event news: Rolex Fastnet Race
    → 29 events with coverage
──────────────────────────────────────────────────────
✓  Saved → /Users/antoinebernard/news_dashboard/index.html
Morning Brief v4 — 2026-05-19 23:51
──────────────────────────────────────────────────────
  Fetching AFP (Telegram)…
  ⚠  Telegram https://t.me/+5VtjHHeuarNjYTBk: The API access for bot users is restricted. The method you tried to invoke cannot be executed as a bot (caused by CheckChatInviteRequest)
    → 0 AFP messages
  Fetching Tech/VC…
    → 43 articles → 32 stories
  Fetching Macro…
    → 24 articles
  Fetching Culture/Fashion…
    → 30 articles
  Fetching Sports…
    → L'Équipe: 10, BBC Sport: 10
  Fetching conflict news…
    → 75 articles for conflict matching
  Fetching Paris…
    → 10 Paris articles
  Fetching Cities (Marseille & Paris)…
    → 38 city articles
  Fetching calendar event news…
    → event news: F1 Season 2026
    → event news: Coachella
    → event news: Venice Biennale
    → event news: Met Gala
    → event news: Frieze New York
    → event news: European Aquatics Champs
    → event news: Cannes Film Festival
    → event news: UEFA Europa League Final
    → event news: F1 Monaco GP
    → event news: Roland Garros
    → event news: UEFA Champions League Final
    → event news: Epsom Derby
    → event news: Prix du Jockey Club
    → event news: FIFA World Cup 2026
    → event news: Vivatech Paris
    → event news: G7 Summit
    → event news: Royal Ascot
    → event news: Art Basel Basel
    → event news: US Open Golf
    → event news: Paris Men's Fashion Week
    → event news: Glastonbury
    → event news: Wimbledon
    → event news: Henley Royal Regatta
    → event news: Tour de France
    → event news: F1 British GP (Silverstone)
    → event news: Haute Couture FW
    → event news: The Open Championship
    → event news: World Aquatics Champs
    → event news: Rolex Fastnet Race
    → 29 events with coverage
──────────────────────────────────────────────────────
✓  Saved → /Users/antoinebernard/news_dashboard/index.html
Morning Brief v4 — 2026-05-20 09:39
──────────────────────────────────────────────────────
  Fetching AFP (Telegram)…
  ⚠  Telegram https://t.me/+5VtjHHeuarNjYTBk: The API access for bot users is restricted. The method you tried to invoke cannot be executed as a bot (caused by CheckChatInviteRequest)
    → 0 AFP messages
  Fetching Tech/VC…
    → 44 articles → 36 stories
  Fetching Macro…
    → 24 articles
  Fetching Culture/Fashion…
    → 31 articles
  Fetching Sports…
    → L'Équipe: 10, BBC Sport: 10
  Fetching conflict news…
    → 73 articles for conflict matching
  Fetching Paris…
    → 10 Paris articles
  Fetching Cities (Marseille & Paris)…
    → 37 city articles
  Fetching calendar event news…
    → event news: F1 Season 2026
    → event news: Venice Biennale
    → event news: Met Gala
    → event news: Frieze New York
    → event news: European Aquatics Champs
    → event news: Cannes Film Festival
    → event news: UEFA Europa League Final
    → event news: F1 Monaco GP
    → event news: Roland Garros
    → event news: UEFA Champions League Final
    → event news: Epsom Derby
    → event news: Prix du Jockey Club
    → event news: FIFA World Cup 2026
    → event news: Vivatech Paris
    → event news: G7 Summit
    → event news: Royal Ascot
    → event news: Art Basel Basel
    → event news: US Open Golf
    → event news: Paris Men's Fashion Week
    → event news: Glastonbury
    → event news: Wimbledon
    → event news: Henley Royal Regatta
    → event news: Tour de France
    → event news: F1 British GP (Silverstone)
    → event news: Haute Couture FW
    → event news: The Open Championship
    → event news: World Aquatics Champs
    → event news: Rolex Fastnet Race
    → 28 events with coverage
──────────────────────────────────────────────────────
✓  Saved → /Users/antoinebernard/news_dashboard/index.html
Morning Brief v4 — 2026-05-20 10:40
──────────────────────────────────────────────────────
  Fetching AFP (Telegram)…
  ⚠  Telegram https://t.me/+5VtjHHeuarNjYTBk: The API access for bot users is restricted. The method you tried to invoke cannot be executed as a bot (caused by CheckChatInviteRequest)
    → 0 AFP messages
  Fetching Tech/VC…
    → 44 articles → 36 stories
  Fetching Macro…
    → 24 articles
  Fetching Culture/Fashion…
    → 31 articles
  Fetching Sports…
    → L'Équipe: 10, BBC Sport: 10
  Fetching conflict news…
    → 75 articles for conflict matching
  Fetching Paris…
    → 10 Paris articles
  Fetching Cities (Marseille & Paris)…
    → 36 city articles
  Fetching calendar event news…
    → event news: F1 Season 2026
    → event news: Venice Biennale
    → event news: Met Gala
    → event news: Frieze New York
    → event news: European Aquatics Champs
    → event news: Cannes Film Festival
    → event news: UEFA Europa League Final
    → event news: F1 Monaco GP
    → event news: Roland Garros
    → event news: UEFA Champions League Final
    → event news: Epsom Derby
    → event news: Prix du Jockey Club
    → event news: FIFA World Cup 2026
    → event news: Vivatech Paris
    → event news: G7 Summit
    → event news: Royal Ascot
    → event news: Art Basel Basel
    → event news: US Open Golf
    → event news: Paris Men's Fashion Week
    → event news: Glastonbury
    → event news: Wimbledon
    → event news: Henley Royal Regatta
    → event news: Tour de France
    → event news: F1 British GP (Silverstone)
    → event news: Haute Couture FW
    → event news: The Open Championship
    → event news: World Aquatics Champs
    → event news: Rolex Fastnet Race
    → 28 events with coverage
──────────────────────────────────────────────────────
✓  Saved → /Users/antoinebernard/news_dashboard/index.html
Morning Brief v4 — 2026-05-20 11:41
──────────────────────────────────────────────────────
  Fetching AFP (Telegram)…
  ⚠  Telegram https://t.me/+5VtjHHeuarNjYTBk: The API access for bot users is restricted. The method you tried to invoke cannot be executed as a bot (caused by CheckChatInviteRequest)
    → 0 AFP messages
  Fetching Tech/VC…
    → 42 articles → 33 stories
  Fetching Macro…
    → 24 articles
  Fetching Culture/Fashion…
    → 31 articles
  Fetching Sports…
    → L'Équipe: 10, BBC Sport: 10
  Fetching conflict news…
    → 77 articles for conflict matching
  Fetching Paris…
    → 10 Paris articles
  Fetching Cities (Marseille & Paris)…
    → 36 city articles
  Fetching calendar event news…
    → event news: F1 Season 2026
    → event news: Venice Biennale
    → event news: Met Gala
    → event news: Frieze New York
    → event news: European Aquatics Champs
    → event news: Cannes Film Festival
    → event news: UEFA Europa League Final
    → event news: F1 Monaco GP
    → event news: Roland Garros
    → event news: UEFA Champions League Final
    → event news: Epsom Derby
    → event news: Prix du Jockey Club
    → event news: FIFA World Cup 2026
    → event news: Vivatech Paris
    → event news: G7 Summit
    → event news: Royal Ascot
    → event news: Art Basel Basel
    → event news: US Open Golf
    → event news: Paris Men's Fashion Week
    → event news: Glastonbury
    → event news: Wimbledon
    → event news: Henley Royal Regatta
    → event news: Tour de France
    → event news: F1 British GP (Silverstone)
    → event news: Haute Couture FW
    → event news: The Open Championship
    → event news: World Aquatics Champs
    → event news: Rolex Fastnet Race
    → 28 events with coverage
──────────────────────────────────────────────────────
✓  Saved → /Users/antoinebernard/news_dashboard/index.html
Morning Brief v4 — 2026-05-20 12:42
──────────────────────────────────────────────────────
  Fetching AFP (Telegram)…
  ⚠  Telegram https://t.me/+5VtjHHeuarNjYTBk: The API access for bot users is restricted. The method you tried to invoke cannot be executed as a bot (caused by CheckChatInviteRequest)
    → 0 AFP messages
  Fetching Tech/VC…
    → 42 articles → 33 stories
  Fetching Macro…
    → 24 articles
  Fetching Culture/Fashion…
    → 31 articles
  Fetching Sports…
    → L'Équipe: 10, BBC Sport: 10
  Fetching conflict news…
    → 76 articles for conflict matching
  Fetching Paris…
    → 10 Paris articles
  Fetching Cities (Marseille & Paris)…
    → 35 city articles
  Fetching calendar event news…
    → event news: F1 Season 2026
    → event news: Venice Biennale
    → event news: Met Gala
    → event news: Frieze New York
    → event news: European Aquatics Champs
    → event news: Cannes Film Festival
    → event news: UEFA Europa League Final
    → event news: F1 Monaco GP
    → event news: Roland Garros
    → event news: UEFA Champions League Final
    → event news: Epsom Derby
    → event news: Prix du Jockey Club
    → event news: FIFA World Cup 2026
    → event news: Vivatech Paris
    → event news: G7 Summit
    → event news: Royal Ascot
    → event news: Art Basel Basel
    → event news: US Open Golf
    → event news: Paris Men's Fashion Week
    → event news: Glastonbury
    → event news: Wimbledon
    → event news: Henley Royal Regatta
    → event news: Tour de France
    → event news: F1 British GP (Silverstone)
    → event news: Haute Couture FW
    → event news: The Open Championship
    → event news: World Aquatics Champs
    → event news: Rolex Fastnet Race
    → 28 events with coverage
──────────────────────────────────────────────────────
✓  Saved → /Users/antoinebernard/news_dashboard/index.html
Morning Brief v4 — 2026-05-20 13:43
──────────────────────────────────────────────────────
  Fetching AFP (Telegram)…
  ⚠  Telegram https://t.me/+5VtjHHeuarNjYTBk: The API access for bot users is restricted. The method you tried to invoke cannot be executed as a bot (caused by CheckChatInviteRequest)
    → 0 AFP messages
  Fetching Tech/VC…
    → 41 articles → 32 stories
  Fetching Macro…
    → 24 articles
  Fetching Culture/Fashion…
    → 31 articles
  Fetching Sports…
    → L'Équipe: 10, BBC Sport: 10
  Fetching conflict news…
    → 74 articles for conflict matching
  Fetching Paris…
    → 10 Paris articles
  Fetching Cities (Marseille & Paris)…
    → 34 city articles
  Fetching calendar event news…
    → event news: F1 Season 2026
    → event news: Venice Biennale
    → event news: Met Gala
    → event news: Frieze New York
    → event news: European Aquatics Champs
    → event news: Cannes Film Festival
    → event news: UEFA Europa League Final
    → event news: F1 Monaco GP
    → event news: Roland Garros
    → event news: UEFA Champions League Final
    → event news: Epsom Derby
    → event news: Prix du Jockey Club
    → event news: FIFA World Cup 2026
    → event news: Vivatech Paris
    → event news: G7 Summit
    → event news: Royal Ascot
    → event news: Art Basel Basel
    → event news: US Open Golf
    → event news: Paris Men's Fashion Week
    → event news: Glastonbury
    → event news: Wimbledon
    → event news: Henley Royal Regatta
    → event news: Tour de France
    → event news: F1 British GP (Silverstone)
    → event news: Haute Couture FW
    → event news: The Open Championship
    → event news: World Aquatics Champs
    → event news: Rolex Fastnet Race
    → 28 events with coverage
──────────────────────────────────────────────────────
✓  Saved → /Users/antoinebernard/news_dashboard/index.html
Morning Brief v4 — 2026-05-20 14:44
──────────────────────────────────────────────────────
  Fetching AFP (Telegram)…
  ⚠  Telegram https://t.me/+5VtjHHeuarNjYTBk: The API access for bot users is restricted. The method you tried to invoke cannot be executed as a bot (caused by CheckChatInviteRequest)
    → 0 AFP messages
  Fetching Tech/VC…
    → 42 articles → 33 stories
  Fetching Macro…
    → 24 articles
  Fetching Culture/Fashion…
    → 31 articles
  Fetching Sports…
    → L'Équipe: 10, BBC Sport: 10
  Fetching conflict news…
    → 75 articles for conflict matching
  Fetching Paris…
    → 10 Paris articles
  Fetching Cities (Marseille & Paris)…
    → 34 city articles
  Fetching calendar event news…
    → event news: F1 Season 2026
    → event news: Venice Biennale
    → event news: Met Gala
    → event news: Frieze New York
    → event news: European Aquatics Champs
    → event news: Cannes Film Festival
    → event news: UEFA Europa League Final
    → event news: F1 Monaco GP
    → event news: Roland Garros
    → event news: UEFA Champions League Final
    → event news: Epsom Derby
    → event news: Prix du Jockey Club
    → event news: FIFA World Cup 2026
    → event news: Vivatech Paris
    → event news: G7 Summit
    → event news: Royal Ascot
    → event news: Art Basel Basel
    → event news: US Open Golf
    → event news: Paris Men's Fashion Week
    → event news: Glastonbury
    → event news: Wimbledon
    → event news: Henley Royal Regatta
    → event news: Tour de France
    → event news: F1 British GP (Silverstone)
    → event news: Haute Couture FW
    → event news: The Open Championship
    → event news: World Aquatics Champs
    → event news: Rolex Fastnet Race
    → 28 events with coverage
──────────────────────────────────────────────────────
✓  Saved → /Users/antoinebernard/news_dashboard/index.html
Morning Brief v4 — 2026-05-20 15:45
──────────────────────────────────────────────────────
  Fetching AFP (Telegram)…
  ⚠  Telegram https://t.me/+5VtjHHeuarNjYTBk: The API access for bot users is restricted. The method you tried to invoke cannot be executed as a bot (caused by CheckChatInviteRequest)
    → 0 AFP messages
  Fetching Tech/VC…
    → 41 articles → 32 stories
  Fetching Macro…
    → 24 articles
  Fetching Culture/Fashion…
    → 31 articles
  Fetching Sports…
    → L'Équipe: 10, BBC Sport: 10
  Fetching conflict news…
    → 76 articles for conflict matching
  Fetching Paris…
    → 10 Paris articles
  Fetching Cities (Marseille & Paris)…
    → 33 city articles
  Fetching calendar event news…
    → event news: F1 Season 2026
    → event news: Venice Biennale
    → event news: Met Gala
    → event news: Frieze New York
    → event news: European Aquatics Champs
    → event news: Cannes Film Festival
    → event news: UEFA Europa League Final
    → event news: F1 Monaco GP
    → event news: Roland Garros
    → event news: UEFA Champions League Final
    → event news: Epsom Derby
    → event news: Prix du Jockey Club
    → event news: FIFA World Cup 2026
    → event news: Vivatech Paris
    → event news: G7 Summit
    → event news: Royal Ascot
    → event news: Art Basel Basel
    → event news: US Open Golf
    → event news: Paris Men's Fashion Week
    → event news: Glastonbury
    → event news: Wimbledon
    → event news: Henley Royal Regatta
    → event news: Tour de France
    → event news: F1 British GP (Silverstone)
    → event news: Haute Couture FW
    → event news: The Open Championship
    → event news: World Aquatics Champs
    → event news: Rolex Fastnet Race
    → 28 events with coverage
──────────────────────────────────────────────────────
✓  Saved → /Users/antoinebernard/news_dashboard/index.html
Morning Brief v4 — 2026-05-20 16:46
──────────────────────────────────────────────────────
  Fetching AFP (Telegram)…
  ⚠  Telegram https://t.me/+5VtjHHeuarNjYTBk: The API access for bot users is restricted. The method you tried to invoke cannot be executed as a bot (caused by CheckChatInviteRequest)
    → 0 AFP messages
  Fetching Tech/VC…
    → 41 articles → 32 stories
  Fetching Macro…
    → 24 articles
  Fetching Culture/Fashion…
    → 32 articles
  Fetching Sports…
    → L'Équipe: 10, BBC Sport: 10
  Fetching conflict news…
    → 76 articles for conflict matching
  Fetching Paris…
    → 10 Paris articles
  Fetching Cities (Marseille & Paris)…
    → 33 city articles
  Fetching calendar event news…
    → event news: F1 Season 2026
    → event news: Venice Biennale
    → event news: Met Gala
    → event news: Frieze New York
    → event news: European Aquatics Champs
    → event news: Cannes Film Festival
    → event news: UEFA Europa League Final
    → event news: F1 Monaco GP
    → event news: Roland Garros
    → event news: UEFA Champions League Final
    → event news: Epsom Derby
    → event news: Prix du Jockey Club
    → event news: FIFA World Cup 2026
    → event news: Vivatech Paris
    → event news: G7 Summit
    → event news: Royal Ascot
    → event news: Art Basel Basel
    → event news: US Open Golf
    → event news: Paris Men's Fashion Week
    → event news: Glastonbury
    → event news: Wimbledon
    → event news: Henley Royal Regatta
    → event news: Tour de France
    → event news: F1 British GP (Silverstone)
    → event news: Haute Couture FW
    → event news: The Open Championship
    → event news: World Aquatics Champs
    → event news: Rolex Fastnet Race
    → 28 events with coverage
──────────────────────────────────────────────────────
✓  Saved → /Users/antoinebernard/news_dashboard/index.html
Morning Brief v4 — 2026-05-20 17:47
──────────────────────────────────────────────────────
  Fetching AFP (Telegram)…
  ⚠  Telegram https://t.me/+5VtjHHeuarNjYTBk: The API access for bot users is restricted. The method you tried to invoke cannot be executed as a bot (caused by CheckChatInviteRequest)
    → 0 AFP messages
  Fetching Tech/VC…
    → 41 articles → 32 stories
  Fetching Macro…
    → 24 articles
  Fetching Culture/Fashion…
    → 32 articles
  Fetching Sports…
    → L'Équipe: 10, BBC Sport: 10
  Fetching conflict news…
    → 75 articles for conflict matching
  Fetching Paris…
    → 10 Paris articles
  Fetching Cities (Marseille & Paris)…
    → 34 city articles
  Fetching calendar event news…
    → event news: F1 Season 2026
    → event news: Venice Biennale
    → event news: Met Gala
    → event news: Frieze New York
    → event news: European Aquatics Champs
    → event news: Cannes Film Festival
    → event news: UEFA Europa League Final
    → event news: F1 Monaco GP
    → event news: Roland Garros
    → event news: UEFA Champions League Final
    → event news: Epsom Derby
    → event news: Prix du Jockey Club
    → event news: FIFA World Cup 2026
    → event news: Vivatech Paris
    → event news: G7 Summit
    → event news: Royal Ascot
    → event news: Art Basel Basel
    → event news: US Open Golf
    → event news: Paris Men's Fashion Week
    → event news: Glastonbury
    → event news: Wimbledon
    → event news: Henley Royal Regatta
    → event news: Tour de France
    → event news: F1 British GP (Silverstone)
    → event news: Haute Couture FW
    → event news: The Open Championship
    → event news: World Aquatics Champs
    → event news: Rolex Fastnet Race
    → 28 events with coverage
──────────────────────────────────────────────────────
✓  Saved → /Users/antoinebernard/news_dashboard/index.html
Morning Brief v4 — 2026-05-20 18:48
──────────────────────────────────────────────────────
  Fetching AFP (Telegram)…
  ⚠  Telegram https://t.me/+5VtjHHeuarNjYTBk: The API access for bot users is restricted. The method you tried to invoke cannot be executed as a bot (caused by CheckChatInviteRequest)
    → 0 AFP messages
  Fetching Tech/VC…
    → 39 articles → 30 stories
  Fetching Macro…
    → 24 articles
  Fetching Culture/Fashion…
    → 32 articles
  Fetching Sports…
    → L'Équipe: 10, BBC Sport: 10
  Fetching conflict news…
    → 75 articles for conflict matching
  Fetching Paris…
    → 10 Paris articles
  Fetching Cities (Marseille & Paris)…
    → 35 city articles
  Fetching calendar event news…
    → event news: F1 Season 2026
    → event news: Venice Biennale
    → event news: Met Gala
    → event news: Frieze New York
    → event news: European Aquatics Champs
    → event news: Cannes Film Festival
    → event news: UEFA Europa League Final
    → event news: F1 Monaco GP
    → event news: Roland Garros
    → event news: UEFA Champions League Final
    → event news: Epsom Derby
    → event news: Prix du Jockey Club
    → event news: FIFA World Cup 2026
    → event news: Vivatech Paris
    → event news: G7 Summit
    → event news: Royal Ascot
    → event news: Art Basel Basel
    → event news: US Open Golf
    → event news: Paris Men's Fashion Week
    → event news: Glastonbury
    → event news: Wimbledon
    → event news: Henley Royal Regatta
    → event news: Tour de France
    → event news: F1 British GP (Silverstone)
    → event news: Haute Couture FW
    → event news: The Open Championship
    → event news: World Aquatics Champs
    → event news: Rolex Fastnet Race
    → 27 events with coverage
──────────────────────────────────────────────────────
✓  Saved → /Users/antoinebernard/news_dashboard/index.html
Morning Brief v4 — 2026-05-21 09:51
──────────────────────────────────────────────────────
  Fetching AFP (Telegram)…
  ⚠  Telegram https://t.me/+5VtjHHeuarNjYTBk: The API access for bot users is restricted. The method you tried to invoke cannot be executed as a bot (caused by CheckChatInviteRequest)
    → 0 AFP messages
  Fetching Tech/VC…
    → 41 articles → 32 stories
  Fetching Macro…
    → 24 articles
  Fetching Culture/Fashion…
    → 31 articles
  Fetching Sports…
    → L'Équipe: 10, BBC Sport: 10
  Fetching conflict news…
    → 74 articles for conflict matching
  Fetching Paris…
    → 10 Paris articles
  Fetching Cities (Marseille & Paris)…
    → 36 city articles
  Fetching calendar event news…
    → event news: F1 Season 2026
    → event news: Venice Biennale
    → event news: Met Gala
    → event news: Frieze New York
    → event news: European Aquatics Champs
    → event news: Cannes Film Festival
    → event news: UEFA Europa League Final
    → event news: F1 Monaco GP
    → event news: Roland Garros
    → event news: UEFA Champions League Final
    → event news: Epsom Derby
    → event news: Prix du Jockey Club
    → event news: FIFA World Cup 2026
    → event news: Vivatech Paris
    → event news: G7 Summit
    → event news: Royal Ascot
    → event news: Art Basel Basel
    → event news: US Open Golf
    → event news: Paris Men's Fashion Week
    → event news: Glastonbury
    → event news: Wimbledon
    → event news: Henley Royal Regatta
    → event news: Tour de France
    → event news: F1 British GP (Silverstone)
    → event news: Haute Couture FW
    → event news: The Open Championship
    → event news: World Aquatics Champs
    → event news: Rolex Fastnet Race
    → 28 events with coverage
──────────────────────────────────────────────────────
✓  Saved → /Users/antoinebernard/news_dashboard/index.html
Morning Brief v4 — 2026-05-21 10:52
──────────────────────────────────────────────────────
  Fetching AFP (Telegram)…
  ⚠  Telegram https://t.me/+5VtjHHeuarNjYTBk: The API access for bot users is restricted. The method you tried to invoke cannot be executed as a bot (caused by CheckChatInviteRequest)
    → 0 AFP messages
  Fetching Tech/VC…
    → 41 articles → 32 stories
  Fetching Macro…
    → 24 articles
  Fetching Culture/Fashion…
    → 31 articles
  Fetching Sports…
    → L'Équipe: 10, BBC Sport: 10
  Fetching conflict news…
    → 74 articles for conflict matching
  Fetching Paris…
    → 10 Paris articles
  Fetching Cities (Marseille & Paris)…
    → 35 city articles
  Fetching calendar event news…
    → event news: F1 Season 2026
    → event news: Venice Biennale
    → event news: Met Gala
    → event news: Frieze New York
    → event news: European Aquatics Champs
    → event news: Cannes Film Festival
    → event news: UEFA Europa League Final
    → event news: F1 Monaco GP
    → event news: Roland Garros
    → event news: UEFA Champions League Final
    → event news: Epsom Derby
    → event news: Prix du Jockey Club
    → event news: FIFA World Cup 2026
    → event news: Vivatech Paris
    → event news: G7 Summit
    → event news: Royal Ascot
    → event news: Art Basel Basel
    → event news: US Open Golf
    → event news: Paris Men's Fashion Week
    → event news: Glastonbury
    → event news: Wimbledon
    → event news: Henley Royal Regatta
    → event news: Tour de France
    → event news: F1 British GP (Silverstone)
    → event news: Haute Couture FW
    → event news: The Open Championship
    → event news: World Aquatics Champs
    → event news: Rolex Fastnet Race
    → 28 events with coverage
──────────────────────────────────────────────────────
✓  Saved → /Users/antoinebernard/news_dashboard/index.html
Morning Brief v4 — 2026-05-21 11:54
──────────────────────────────────────────────────────
  Fetching AFP (Telegram)…
  ⚠  Telegram https://t.me/+5VtjHHeuarNjYTBk: The API access for bot users is restricted. The method you tried to invoke cannot be executed as a bot (caused by CheckChatInviteRequest)
    → 0 AFP messages
  Fetching Tech/VC…
    → 41 articles → 33 stories
  Fetching Macro…
    → 24 articles
  Fetching Culture/Fashion…
    → 31 articles
  Fetching Sports…
    → L'Équipe: 10, BBC Sport: 10
  Fetching conflict news…
    → 74 articles for conflict matching
  Fetching Paris…
    → 10 Paris articles
  Fetching Cities (Marseille & Paris)…
    → 36 city articles
  Fetching calendar event news…
    → event news: F1 Season 2026
    → event news: Venice Biennale
    → event news: Met Gala
    → event news: Frieze New York
    → event news: European Aquatics Champs
    → event news: Cannes Film Festival
    → event news: UEFA Europa League Final
    → event news: F1 Monaco GP
    → event news: Roland Garros
    → event news: UEFA Champions League Final
    → event news: Epsom Derby
    → event news: Prix du Jockey Club
    → event news: FIFA World Cup 2026
    → event news: Vivatech Paris
    → event news: G7 Summit
    → event news: Royal Ascot
    → event news: Art Basel Basel
    → event news: US Open Golf
    → event news: Paris Men's Fashion Week
    → event news: Glastonbury
    → event news: Wimbledon
    → event news: Henley Royal Regatta
    → event news: Tour de France
    → event news: F1 British GP (Silverstone)
    → event news: Haute Couture FW
    → event news: The Open Championship
    → event news: World Aquatics Champs
    → event news: Rolex Fastnet Race
    → 28 events with coverage
──────────────────────────────────────────────────────
✓  Saved → /Users/antoinebernard/news_dashboard/index.html
Morning Brief v4 — 2026-05-21 12:55
──────────────────────────────────────────────────────
  Fetching AFP (Telegram)…
  ⚠  Telegram https://t.me/+5VtjHHeuarNjYTBk: The API access for bot users is restricted. The method you tried to invoke cannot be executed as a bot (caused by CheckChatInviteRequest)
    → 0 AFP messages
  Fetching Tech/VC…
    → 41 articles → 34 stories
  Fetching Macro…
    → 24 articles
  Fetching Culture/Fashion…
    → 31 articles
  Fetching Sports…
    → L'Équipe: 10, BBC Sport: 10
  Fetching conflict news…
    → 73 articles for conflict matching
  Fetching Paris…
    → 10 Paris articles
  Fetching Cities (Marseille & Paris)…
    → 34 city articles
  Fetching calendar event news…
    → event news: F1 Season 2026
    → event news: Venice Biennale
    → event news: Met Gala
    → event news: Frieze New York
    → event news: European Aquatics Champs
    → event news: Cannes Film Festival
    → event news: UEFA Europa League Final
    → event news: F1 Monaco GP
    → event news: Roland Garros
    → event news: UEFA Champions League Final
    → event news: Epsom Derby
    → event news: Prix du Jockey Club
    → event news: FIFA World Cup 2026
    → event news: Vivatech Paris
    → event news: G7 Summit
    → event news: Royal Ascot
    → event news: Art Basel Basel
    → event news: US Open Golf
    → event news: Paris Men's Fashion Week
    → event news: Glastonbury
    → event news: Wimbledon
    → event news: Henley Royal Regatta
    → event news: Tour de France
    → event news: F1 British GP (Silverstone)
    → event news: Haute Couture FW
    → event news: The Open Championship
    → event news: World Aquatics Champs
    → event news: Rolex Fastnet Race
    → 28 events with coverage
──────────────────────────────────────────────────────
✓  Saved → /Users/antoinebernard/news_dashboard/index.html
Morning Brief v4 — 2026-05-21 13:56
──────────────────────────────────────────────────────
  Fetching AFP (Telegram)…
  ⚠  Telegram https://t.me/+5VtjHHeuarNjYTBk: The API access for bot users is restricted. The method you tried to invoke cannot be executed as a bot (caused by CheckChatInviteRequest)
    → 0 AFP messages
  Fetching Tech/VC…
    → 41 articles → 33 stories
  Fetching Macro…
    → 24 articles
  Fetching Culture/Fashion…
    → 31 articles
  Fetching Sports…
    → L'Équipe: 10, BBC Sport: 10
  Fetching conflict news…
    → 72 articles for conflict matching
  Fetching Paris…
    → 10 Paris articles
  Fetching Cities (Marseille & Paris)…
    → 36 city articles
  Fetching calendar event news…
    → event news: F1 Season 2026
    → event news: Venice Biennale
    → event news: Met Gala
    → event news: Frieze New York
    → event news: European Aquatics Champs
    → event news: Cannes Film Festival
    → event news: UEFA Europa League Final
    → event news: F1 Monaco GP
    → event news: Roland Garros
    → event news: UEFA Champions League Final
    → event news: Epsom Derby
    → event news: Prix du Jockey Club
    → event news: FIFA World Cup 2026
    → event news: Vivatech Paris
    → event news: G7 Summit
    → event news: Royal Ascot
    → event news: Art Basel Basel
    → event news: US Open Golf
    → event news: Paris Men's Fashion Week
    → event news: Glastonbury
    → event news: Wimbledon
    → event news: Henley Royal Regatta
    → event news: Tour de France
    → event news: F1 British GP (Silverstone)
    → event news: Haute Couture FW
    → event news: The Open Championship
    → event news: World Aquatics Champs
    → event news: Rolex Fastnet Race
    → 28 events with coverage
──────────────────────────────────────────────────────
✓  Saved → /Users/antoinebernard/news_dashboard/index.html
Morning Brief v4 — 2026-05-21 14:57
──────────────────────────────────────────────────────
  Fetching AFP (Telegram)…
  ⚠  Telegram https://t.me/+5VtjHHeuarNjYTBk: The API access for bot users is restricted. The method you tried to invoke cannot be executed as a bot (caused by CheckChatInviteRequest)
    → 0 AFP messages
  Fetching Tech/VC…
    → 41 articles → 33 stories
  Fetching Macro…
    → 21 articles
  Fetching Culture/Fashion…
    → 31 articles
  Fetching Sports…
    → L'Équipe: 10, BBC Sport: 10
  Fetching conflict news…
    → 73 articles for conflict matching
  Fetching Paris…
    → 10 Paris articles
  Fetching Cities (Marseille & Paris)…
    → 36 city articles
  Fetching calendar event news…
    → event news: F1 Season 2026
    → event news: Venice Biennale
    → event news: Met Gala
    → event news: Frieze New York
    → event news: European Aquatics Champs
    → event news: Cannes Film Festival
    → event news: UEFA Europa League Final
    → event news: F1 Monaco GP
    → event news: Roland Garros
    → event news: UEFA Champions League Final
    → event news: Epsom Derby
    → event news: Prix du Jockey Club
    → event news: FIFA World Cup 2026
    → event news: Vivatech Paris
    → event news: G7 Summit
    → event news: Royal Ascot
    → event news: Art Basel Basel
    → event news: US Open Golf
    → event news: Paris Men's Fashion Week
    → event news: Glastonbury
    → event news: Wimbledon
    → event news: Henley Royal Regatta
    → event news: Tour de France
    → event news: F1 British GP (Silverstone)
    → event news: Haute Couture FW
    → event news: The Open Championship
    → event news: World Aquatics Champs
    → event news: Rolex Fastnet Race
    → 28 events with coverage
──────────────────────────────────────────────────────
✓  Saved → /Users/antoinebernard/news_dashboard/index.html
Morning Brief v4 — 2026-05-21 15:58
──────────────────────────────────────────────────────
  Fetching AFP (Telegram)…
  ⚠  Telegram https://t.me/+5VtjHHeuarNjYTBk: The API access for bot users is restricted. The method you tried to invoke cannot be executed as a bot (caused by CheckChatInviteRequest)
    → 0 AFP messages
  Fetching Tech/VC…
    → 41 articles → 33 stories
  Fetching Macro…
    → 24 articles
  Fetching Culture/Fashion…
    → 31 articles
  Fetching Sports…
    → L'Équipe: 10, BBC Sport: 10
  Fetching conflict news…
    → 72 articles for conflict matching
  Fetching Paris…
    → 10 Paris articles
  Fetching Cities (Marseille & Paris)…
    → 36 city articles
  Fetching calendar event news…
    → event news: F1 Season 2026
    → event news: Venice Biennale
    → event news: Met Gala
    → event news: Frieze New York
    → event news: European Aquatics Champs
    → event news: Cannes Film Festival
    → event news: UEFA Europa League Final
    → event news: F1 Monaco GP
    → event news: Roland Garros
    → event news: UEFA Champions League Final
    → event news: Epsom Derby
    → event news: Prix du Jockey Club
    → event news: FIFA World Cup 2026
    → event news: Vivatech Paris
    → event news: G7 Summit
    → event news: Royal Ascot
    → event news: Art Basel Basel
    → event news: US Open Golf
    → event news: Paris Men's Fashion Week
    → event news: Glastonbury
    → event news: Wimbledon
    → event news: Henley Royal Regatta
    → event news: Tour de France
    → event news: F1 British GP (Silverstone)
    → event news: Haute Couture FW
    → event news: The Open Championship
    → event news: World Aquatics Champs
    → event news: Rolex Fastnet Race
    → 28 events with coverage
──────────────────────────────────────────────────────
✓  Saved → /Users/antoinebernard/news_dashboard/index.html
Morning Brief v4 — 2026-05-21 16:59
──────────────────────────────────────────────────────
  Fetching AFP (Telegram)…
  ⚠  Telegram https://t.me/+5VtjHHeuarNjYTBk: The API access for bot users is restricted. The method you tried to invoke cannot be executed as a bot (caused by CheckChatInviteRequest)
    → 0 AFP messages
  Fetching Tech/VC…
    → 41 articles → 33 stories
  Fetching Macro…
    → 24 articles
  Fetching Culture/Fashion…
    → 31 articles
  Fetching Sports…
    → L'Équipe: 10, BBC Sport: 10
  Fetching conflict news…
    → 74 articles for conflict matching
  Fetching Paris…
    → 10 Paris articles
  Fetching Cities (Marseille & Paris)…
    → 35 city articles
  Fetching calendar event news…
    → event news: F1 Season 2026
    → event news: Venice Biennale
    → event news: Met Gala
    → event news: Frieze New York
    → event news: European Aquatics Champs
    → event news: Cannes Film Festival
    → event news: UEFA Europa League Final
    → event news: F1 Monaco GP
    → event news: Roland Garros
    → event news: UEFA Champions League Final
    → event news: Epsom Derby
    → event news: Prix du Jockey Club
    → event news: FIFA World Cup 2026
    → event news: Vivatech Paris
    → event news: G7 Summit
    → event news: Royal Ascot
    → event news: Art Basel Basel
    → event news: US Open Golf
    → event news: Paris Men's Fashion Week
    → event news: Glastonbury
    → event news: Wimbledon
    → event news: Henley Royal Regatta
    → event news: Tour de France
    → event news: F1 British GP (Silverstone)
    → event news: Haute Couture FW
    → event news: The Open Championship
    → event news: World Aquatics Champs
    → event news: Rolex Fastnet Race
    → 28 events with coverage
──────────────────────────────────────────────────────
✓  Saved → /Users/antoinebernard/news_dashboard/index.html
Morning Brief v4 — 2026-05-21 18:00
──────────────────────────────────────────────────────
  Fetching AFP (Telegram)…
  ⚠  Telegram https://t.me/+5VtjHHeuarNjYTBk: The API access for bot users is restricted. The method you tried to invoke cannot be executed as a bot (caused by CheckChatInviteRequest)
    → 0 AFP messages
  Fetching Tech/VC…
    → 29 articles → 21 stories
  Fetching Macro…
    → 4 articles
  Fetching Culture/Fashion…
    → 10 articles
  Fetching Sports…
    → L'Équipe: 0, BBC Sport: 10
  Fetching conflict news…
    → 20 articles for conflict matching
  Fetching Paris…
    → 0 Paris articles
  Fetching Cities (Marseille & Paris)…
    → 0 city articles
  Fetching calendar event news…
    → event news: F1 Season 2026
    → event news: Venice Biennale
    → event news: Met Gala
    → event news: Frieze New York
    → event news: European Aquatics Champs
    → event news: Cannes Film Festival
    → event news: UEFA Europa League Final
    → event news: F1 Monaco GP
    → event news: Roland Garros
    → event news: UEFA Champions League Final
    → event news: Epsom Derby
    → event news: Prix du Jockey Club
    → event news: FIFA World Cup 2026
    → event news: Vivatech Paris
    → event news: G7 Summit
    → event news: Royal Ascot
    → event news: Art Basel Basel
    → event news: US Open Golf
    → event news: Paris Men's Fashion Week
    → event news: Glastonbury
    → event news: Wimbledon
    → event news: Henley Royal Regatta
    → event news: Tour de France
    → event news: F1 British GP (Silverstone)
    → event news: Haute Couture FW
    → event news: The Open Championship
    → event news: World Aquatics Champs
    → event news: Rolex Fastnet Race
    → 0 events with coverage
──────────────────────────────────────────────────────
✓  Saved → /Users/antoinebernard/news_dashboard/index.html
Morning Brief v4 — 2026-05-21 19:35
──────────────────────────────────────────────────────
  Fetching AFP (Telegram)…
  ⚠  Telegram https://t.me/+5VtjHHeuarNjYTBk: The API access for bot users is restricted. The method you tried to invoke cannot be executed as a bot (caused by CheckChatInviteRequest)
    → 0 AFP messages
  Fetching Tech/VC…
    → 41 articles → 32 stories
  Fetching Macro…
    → 24 articles
  Fetching Culture/Fashion…
    → 31 articles
  Fetching Sports…
    → L'Équipe: 10, BBC Sport: 10
  Fetching conflict news…
  ⚠  GN Myanmar: [Errno 60] Operation timed out
    → 72 articles for conflict matching
  Fetching Paris…
    → 10 Paris articles
  Fetching Cities (Marseille & Paris)…
    → 36 city articles
  Fetching calendar event news…
    → event news: F1 Season 2026
    → event news: Venice Biennale
    → event news: Met Gala
    → event news: Frieze New York
    → event news: European Aquatics Champs
    → event news: Cannes Film Festival
    → event news: UEFA Europa League Final
    → event news: F1 Monaco GP
    → event news: Roland Garros
    → event news: UEFA Champions League Final
    → event news: Epsom Derby
    → event news: Prix du Jockey Club
    → event news: FIFA World Cup 2026
    → event news: Vivatech Paris
    → event news: G7 Summit
    → event news: Royal Ascot
    → event news: Art Basel Basel
    → event news: US Open Golf
    → event news: Paris Men's Fashion Week
    → event news: Glastonbury
    → event news: Wimbledon
    → event news: Henley Royal Regatta
    → event news: Tour de France
    → event news: F1 British GP (Silverstone)
    → event news: Haute Couture FW
    → event news: The Open Championship
    → event news: World Aquatics Champs
    → event news: Rolex Fastnet Race
    → 28 events with coverage
──────────────────────────────────────────────────────
✓  Saved → /Users/antoinebernard/news_dashboard/index.html
Morning Brief v4 — 2026-05-22 09:04
──────────────────────────────────────────────────────
  Fetching AFP (Telegram)…
  ⚠  Telegram https://t.me/+5VtjHHeuarNjYTBk: The API access for bot users is restricted. The method you tried to invoke cannot be executed as a bot (caused by CheckChatInviteRequest)
    → 0 AFP messages
  Fetching Tech/VC…
    → 41 articles → 33 stories
  Fetching Macro…
    → 24 articles
  Fetching Culture/Fashion…
    → 30 articles
  Fetching Sports…
    → L'Équipe: 10, BBC Sport: 10
  Fetching conflict news…
    → 77 articles for conflict matching
  Fetching Paris…
    → 9 Paris articles
  Fetching Cities (Marseille & Paris)…
    → 35 city articles
  Fetching calendar event news…
    → event news: F1 Season 2026
    → event news: Venice Biennale
    → event news: Met Gala
    → event news: Frieze New York
    → event news: European Aquatics Champs
    → event news: Cannes Film Festival
    → event news: UEFA Europa League Final
    → event news: F1 Monaco GP
    → event news: Roland Garros
    → event news: UEFA Champions League Final
    → event news: Epsom Derby
    → event news: Prix du Jockey Club
    → event news: FIFA World Cup 2026
    → event news: Vivatech Paris
    → event news: G7 Summit
    → event news: Royal Ascot
    → event news: Art Basel Basel
    → event news: US Open Golf
    → event news: Paris Men's Fashion Week
    → event news: Glastonbury
    → event news: Wimbledon
    → event news: Henley Royal Regatta
    → event news: Tour de France
    → event news: F1 British GP (Silverstone)
    → event news: Haute Couture FW
    → event news: The Open Championship
    → event news: World Aquatics Champs
    → event news: Rolex Fastnet Race
    → 28 events with coverage
──────────────────────────────────────────────────────
✓  Saved → /Users/antoinebernard/news_dashboard/index.html
Morning Brief v4 — 2026-05-22 11:39
──────────────────────────────────────────────────────
  Fetching AFP (Telegram)…
  ⚠  Telegram https://t.me/+5VtjHHeuarNjYTBk: The API access for bot users is restricted. The method you tried to invoke cannot be executed as a bot (caused by CheckChatInviteRequest)
    → 0 AFP messages
  Fetching Tech/VC…
    → 40 articles → 32 stories
  Fetching Macro…
    → 24 articles
  Fetching Culture/Fashion…
    → 30 articles
  Fetching Sports…
    → L'Équipe: 10, BBC Sport: 10
  Fetching conflict news…
    → 78 articles for conflict matching
  Fetching Paris…
    → 9 Paris articles
  Fetching Cities (Marseille & Paris)…
    → 35 city articles
  Fetching calendar event news…
    → event news: F1 Season 2026
    → event news: Venice Biennale
    → event news: Met Gala
    → event news: Frieze New York
    → event news: European Aquatics Champs
    → event news: Cannes Film Festival
    → event news: UEFA Europa League Final
    → event news: F1 Monaco GP
    → event news: Roland Garros
    → event news: UEFA Champions League Final
    → event news: Epsom Derby
    → event news: Prix du Jockey Club
    → event news: FIFA World Cup 2026
    → event news: Vivatech Paris
    → event news: G7 Summit
    → event news: Royal Ascot
    → event news: Art Basel Basel
    → event news: US Open Golf
    → event news: Paris Men's Fashion Week
    → event news: Glastonbury
    → event news: Wimbledon
    → event news: Henley Royal Regatta
    → event news: Tour de France
    → event news: F1 British GP (Silverstone)
    → event news: Haute Couture FW
    → event news: The Open Championship
    → event news: World Aquatics Champs
    → event news: Rolex Fastnet Race
    → 28 events with coverage
──────────────────────────────────────────────────────
✓  Saved → /Users/antoinebernard/news_dashboard/index.html
Morning Brief v4 — 2026-05-22 12:40
──────────────────────────────────────────────────────
  Fetching AFP (Telegram)…
  ⚠  Telegram https://t.me/+5VtjHHeuarNjYTBk: The API access for bot users is restricted. The method you tried to invoke cannot be executed as a bot (caused by CheckChatInviteRequest)
    → 0 AFP messages
  Fetching Tech/VC…
    → 40 articles → 32 stories
  Fetching Macro…
    → 24 articles
  Fetching Culture/Fashion…
    → 30 articles
  Fetching Sports…
    → L'Équipe: 10, BBC Sport: 10
  Fetching conflict news…
    → 79 articles for conflict matching
  Fetching Paris…
    → 9 Paris articles
  Fetching Cities (Marseille & Paris)…
    → 34 city articles
  Fetching calendar event news…
    → event news: F1 Season 2026
    → event news: Venice Biennale
    → event news: Met Gala
    → event news: Frieze New York
    → event news: European Aquatics Champs
    → event news: Cannes Film Festival
    → event news: UEFA Europa League Final
    → event news: F1 Monaco GP
    → event news: Roland Garros
    → event news: UEFA Champions League Final
    → event news: Epsom Derby
    → event news: Prix du Jockey Club
    → event news: FIFA World Cup 2026
    → event news: Vivatech Paris
    → event news: G7 Summit
    → event news: Royal Ascot
    → event news: Art Basel Basel
    → event news: US Open Golf
    → event news: Paris Men's Fashion Week
    → event news: Glastonbury
    → event news: Wimbledon
    → event news: Henley Royal Regatta
    → event news: Tour de France
    → event news: F1 British GP (Silverstone)
    → event news: Haute Couture FW
    → event news: The Open Championship
    → event news: World Aquatics Champs
    → event news: Rolex Fastnet Race
    → 28 events with coverage
──────────────────────────────────────────────────────
✓  Saved → /Users/antoinebernard/news_dashboard/index.html
Morning Brief v4 — 2026-05-22 13:41
──────────────────────────────────────────────────────
  Fetching AFP (Telegram)…
  ⚠  Telegram https://t.me/+5VtjHHeuarNjYTBk: The API access for bot users is restricted. The method you tried to invoke cannot be executed as a bot (caused by CheckChatInviteRequest)
    → 0 AFP messages
  Fetching Tech/VC…
    → 40 articles → 32 stories
  Fetching Macro…
    → 24 articles
  Fetching Culture/Fashion…
    → 30 articles
  Fetching Sports…
    → L'Équipe: 10, BBC Sport: 10
  Fetching conflict news…
    → 77 articles for conflict matching
  Fetching Paris…
    → 9 Paris articles
  Fetching Cities (Marseille & Paris)…
    → 36 city articles
  Fetching calendar event news…
    → event news: F1 Season 2026
    → event news: Venice Biennale
    → event news: Met Gala
    → event news: Frieze New York
    → event news: European Aquatics Champs
    → event news: Cannes Film Festival
    → event news: UEFA Europa League Final
    → event news: F1 Monaco GP
    → event news: Roland Garros
    → event news: UEFA Champions League Final
    → event news: Epsom Derby
    → event news: Prix du Jockey Club
    → event news: FIFA World Cup 2026
    → event news: Vivatech Paris
    → event news: G7 Summit
    → event news: Royal Ascot
    → event news: Art Basel Basel
    → event news: US Open Golf
    → event news: Paris Men's Fashion Week
    → event news: Glastonbury
    → event news: Wimbledon
    → event news: Henley Royal Regatta
    → event news: Tour de France
    → event news: F1 British GP (Silverstone)
    → event news: Haute Couture FW
    → event news: The Open Championship
    → event news: World Aquatics Champs
    → event news: Rolex Fastnet Race
    → 28 events with coverage
──────────────────────────────────────────────────────
✓  Saved → /Users/antoinebernard/news_dashboard/index.html
Morning Brief v4 — 2026-05-22 14:42
──────────────────────────────────────────────────────
  Fetching AFP (Telegram)…
  ⚠  Telegram https://t.me/+5VtjHHeuarNjYTBk: The API access for bot users is restricted. The method you tried to invoke cannot be executed as a bot (caused by CheckChatInviteRequest)
    → 0 AFP messages
  Fetching Tech/VC…
    → 39 articles → 31 stories
  Fetching Macro…
    → 24 articles
  Fetching Culture/Fashion…
    → 30 articles
  Fetching Sports…
    → L'Équipe: 10, BBC Sport: 10
  Fetching conflict news…
    → 78 articles for conflict matching
  Fetching Paris…
    → 9 Paris articles
  Fetching Cities (Marseille & Paris)…
    → 36 city articles
  Fetching calendar event news…
    → event news: F1 Season 2026
    → event news: Venice Biennale
    → event news: Met Gala
    → event news: Frieze New York
    → event news: European Aquatics Champs
    → event news: Cannes Film Festival
    → event news: UEFA Europa League Final
    → event news: F1 Monaco GP
    → event news: Roland Garros
    → event news: UEFA Champions League Final
    → event news: Epsom Derby
    → event news: Prix du Jockey Club
    → event news: FIFA World Cup 2026
    → event news: Vivatech Paris
    → event news: G7 Summit
    → event news: Royal Ascot
    → event news: Art Basel Basel
    → event news: US Open Golf
    → event news: Paris Men's Fashion Week
    → event news: Glastonbury
    → event news: Wimbledon
    → event news: Henley Royal Regatta
    → event news: Tour de France
    → event news: F1 British GP (Silverstone)
    → event news: Haute Couture FW
    → event news: The Open Championship
    → event news: World Aquatics Champs
    → event news: Rolex Fastnet Race
    → 28 events with coverage
──────────────────────────────────────────────────────
✓  Saved → /Users/antoinebernard/news_dashboard/index.html
Morning Brief v4 — 2026-05-22 15:43
──────────────────────────────────────────────────────
  Fetching AFP (Telegram)…
  ⚠  Telegram https://t.me/+5VtjHHeuarNjYTBk: The API access for bot users is restricted. The method you tried to invoke cannot be executed as a bot (caused by CheckChatInviteRequest)
    → 0 AFP messages
  Fetching Tech/VC…
    → 40 articles → 32 stories
  Fetching Macro…
    → 24 articles
  Fetching Culture/Fashion…
    → 30 articles
  Fetching Sports…
    → L'Équipe: 10, BBC Sport: 10
  Fetching conflict news…
    → 79 articles for conflict matching
  Fetching Paris…
    → 9 Paris articles
  Fetching Cities (Marseille & Paris)…
    → 36 city articles
  Fetching calendar event news…
    → event news: F1 Season 2026
    → event news: Venice Biennale
    → event news: Met Gala
    → event news: Frieze New York
    → event news: European Aquatics Champs
    → event news: Cannes Film Festival
    → event news: UEFA Europa League Final
    → event news: F1 Monaco GP
    → event news: Roland Garros
    → event news: UEFA Champions League Final
    → event news: Epsom Derby
    → event news: Prix du Jockey Club
    → event news: FIFA World Cup 2026
    → event news: Vivatech Paris
    → event news: G7 Summit
    → event news: Royal Ascot
    → event news: Art Basel Basel
    → event news: US Open Golf
    → event news: Paris Men's Fashion Week
    → event news: Glastonbury
    → event news: Wimbledon
    → event news: Henley Royal Regatta
    → event news: Tour de France
    → event news: F1 British GP (Silverstone)
    → event news: Haute Couture FW
    → event news: The Open Championship
    → event news: World Aquatics Champs
    → event news: Rolex Fastnet Race
    → 28 events with coverage
──────────────────────────────────────────────────────
✓  Saved → /Users/antoinebernard/news_dashboard/index.html
Morning Brief v4 — 2026-05-22 16:44
──────────────────────────────────────────────────────
  Fetching AFP (Telegram)…
  ⚠  Telegram https://t.me/+5VtjHHeuarNjYTBk: The API access for bot users is restricted. The method you tried to invoke cannot be executed as a bot (caused by CheckChatInviteRequest)
    → 0 AFP messages
  Fetching Tech/VC…
    → 40 articles → 32 stories
  Fetching Macro…
    → 24 articles
  Fetching Culture/Fashion…
    → 30 articles
  Fetching Sports…
    → L'Équipe: 10, BBC Sport: 10
  Fetching conflict news…
    → 79 articles for conflict matching
  Fetching Paris…
    → 9 Paris articles
  Fetching Cities (Marseille & Paris)…
    → 35 city articles
  Fetching calendar event news…
    → event news: F1 Season 2026
    → event news: Venice Biennale
    → event news: Met Gala
    → event news: Frieze New York
    → event news: European Aquatics Champs
    → event news: Cannes Film Festival
    → event news: UEFA Europa League Final
    → event news: F1 Monaco GP
    → event news: Roland Garros
    → event news: UEFA Champions League Final
    → event news: Epsom Derby
    → event news: Prix du Jockey Club
    → event news: FIFA World Cup 2026
    → event news: Vivatech Paris
    → event news: G7 Summit
    → event news: Royal Ascot
    → event news: Art Basel Basel
    → event news: US Open Golf
    → event news: Paris Men's Fashion Week
    → event news: Glastonbury
    → event news: Wimbledon
    → event news: Henley Royal Regatta
    → event news: Tour de France
    → event news: F1 British GP (Silverstone)
    → event news: Haute Couture FW
    → event news: The Open Championship
    → event news: World Aquatics Champs
    → event news: Rolex Fastnet Race
    → 28 events with coverage
──────────────────────────────────────────────────────
✓  Saved → /Users/antoinebernard/news_dashboard/index.html
Morning Brief v4 — 2026-05-22 17:45
──────────────────────────────────────────────────────
  Fetching AFP (Telegram)…
  ⚠  Telegram https://t.me/+5VtjHHeuarNjYTBk: The API access for bot users is restricted. The method you tried to invoke cannot be executed as a bot (caused by CheckChatInviteRequest)
    → 0 AFP messages
  Fetching Tech/VC…
    → 40 articles → 32 stories
  Fetching Macro…
    → 24 articles
  Fetching Culture/Fashion…
    → 30 articles
  Fetching Sports…
    → L'Équipe: 10, BBC Sport: 10
  Fetching conflict news…
    → 78 articles for conflict matching
  Fetching Paris…
    → 9 Paris articles
  Fetching Cities (Marseille & Paris)…
    → 35 city articles
  Fetching calendar event news…
    → event news: F1 Season 2026
    → event news: Venice Biennale
    → event news: Met Gala
    → event news: Frieze New York
    → event news: European Aquatics Champs
    → event news: Cannes Film Festival
    → event news: UEFA Europa League Final
    → event news: F1 Monaco GP
    → event news: Roland Garros
    → event news: UEFA Champions League Final
    → event news: Epsom Derby
    → event news: Prix du Jockey Club
    → event news: FIFA World Cup 2026
    → event news: Vivatech Paris
    → event news: G7 Summit
    → event news: Royal Ascot
    → event news: Art Basel Basel
    → event news: US Open Golf
    → event news: Paris Men's Fashion Week
    → event news: Glastonbury
    → event news: Wimbledon
    → event news: Henley Royal Regatta
    → event news: Tour de France
    → event news: F1 British GP (Silverstone)
    → event news: Haute Couture FW
    → event news: The Open Championship
    → event news: World Aquatics Champs
    → event news: Rolex Fastnet Race
    → 28 events with coverage
──────────────────────────────────────────────────────
✓  Saved → /Users/antoinebernard/news_dashboard/index.html
Morning Brief v4 — 2026-05-22 18:46
──────────────────────────────────────────────────────
  Fetching AFP (Telegram)…
  ⚠  Telegram https://t.me/+5VtjHHeuarNjYTBk: The API access for bot users is restricted. The method you tried to invoke cannot be executed as a bot (caused by CheckChatInviteRequest)
    → 0 AFP messages
  Fetching Tech/VC…
    → 40 articles → 32 stories
  Fetching Macro…
    → 24 articles
  Fetching Culture/Fashion…
    → 30 articles
  Fetching Sports…
    → L'Équipe: 10, BBC Sport: 10
  Fetching conflict news…
    → 79 articles for conflict matching
  Fetching Paris…
    → 9 Paris articles
  Fetching Cities (Marseille & Paris)…
    → 35 city articles
  Fetching calendar event news…
    → event news: F1 Season 2026
    → event news: Venice Biennale
    → event news: Met Gala
    → event news: Frieze New York
    → event news: European Aquatics Champs
    → event news: Cannes Film Festival
    → event news: UEFA Europa League Final
    → event news: F1 Monaco GP
    → event news: Roland Garros
    → event news: UEFA Champions League Final
    → event news: Epsom Derby
    → event news: Prix du Jockey Club
    → event news: FIFA World Cup 2026
    → event news: Vivatech Paris
    → event news: G7 Summit
    → event news: Royal Ascot
    → event news: Art Basel Basel
    → event news: US Open Golf
    → event news: Paris Men's Fashion Week
    → event news: Glastonbury
    → event news: Wimbledon
    → event news: Henley Royal Regatta
    → event news: Tour de France
    → event news: F1 British GP (Silverstone)
    → event news: Haute Couture FW
    → event news: The Open Championship
    → event news: World Aquatics Champs
    → event news: Rolex Fastnet Race
    → 28 events with coverage
──────────────────────────────────────────────────────
✓  Saved → /Users/antoinebernard/news_dashboard/index.html
Morning Brief v4 — 2026-05-22 22:26
──────────────────────────────────────────────────────
  Fetching AFP (Telegram)…
  ⚠  Telegram https://t.me/+5VtjHHeuarNjYTBk: The API access for bot users is restricted. The method you tried to invoke cannot be executed as a bot (caused by CheckChatInviteRequest)
    → 0 AFP messages
  Fetching Tech/VC…
    → 40 articles → 32 stories
  Fetching Macro…
    → 24 articles
  Fetching Culture/Fashion…
    → 31 articles
  Fetching Sports…
    → L'Équipe: 10, BBC Sport: 10
  Fetching conflict news…
    → 78 articles for conflict matching
  Fetching Paris…
    → 10 Paris articles
  Fetching Cities (Marseille & Paris)…
    → 36 city articles
  Fetching calendar event news…
    → event news: F1 Season 2026
    → event news: Venice Biennale
    → event news: Met Gala
    → event news: Frieze New York
    → event news: European Aquatics Champs
    → event news: Cannes Film Festival
    → event news: UEFA Europa League Final
    → event news: F1 Monaco GP
    → event news: Roland Garros
    → event news: UEFA Champions League Final
    → event news: Epsom Derby
    → event news: Prix du Jockey Club
    → event news: FIFA World Cup 2026
    → event news: Vivatech Paris
    → event news: G7 Summit
    → event news: Royal Ascot
    → event news: Art Basel Basel
    → event news: US Open Golf
    → event news: Paris Men's Fashion Week
    → event news: Glastonbury
    → event news: Wimbledon
    → event news: Henley Royal Regatta
    → event news: Tour de France
    → event news: F1 British GP (Silverstone)
    → event news: Haute Couture FW
    → event news: The Open Championship
    → event news: World Aquatics Champs
    → event news: Rolex Fastnet Race
    → 28 events with coverage
──────────────────────────────────────────────────────
✓  Saved → /Users/antoinebernard/news_dashboard/index.html
Morning Brief v4 — 2026-05-22 23:27
──────────────────────────────────────────────────────
  Fetching AFP (Telegram)…
  ⚠  Telegram https://t.me/+5VtjHHeuarNjYTBk: The API access for bot users is restricted. The method you tried to invoke cannot be executed as a bot (caused by CheckChatInviteRequest)
    → 0 AFP messages
  Fetching Tech/VC…
    → 39 articles → 31 stories
  Fetching Macro…
    → 24 articles
  Fetching Culture/Fashion…
    → 31 articles
  Fetching Sports…
    → L'Équipe: 10, BBC Sport: 10
  Fetching conflict news…
    → 79 articles for conflict matching
  Fetching Paris…
    → 10 Paris articles
  Fetching Cities (Marseille & Paris)…
    → 36 city articles
  Fetching calendar event news…
    → event news: F1 Season 2026
    → event news: Venice Biennale
    → event news: Met Gala
    → event news: Frieze New York
    → event news: European Aquatics Champs
    → event news: Cannes Film Festival
    → event news: UEFA Europa League Final
    → event news: F1 Monaco GP
    → event news: Roland Garros
    → event news: UEFA Champions League Final
    → event news: Epsom Derby
    → event news: Prix du Jockey Club
    → event news: FIFA World Cup 2026
    → event news: Vivatech Paris
    → event news: G7 Summit
    → event news: Royal Ascot
    → event news: Art Basel Basel
    → event news: US Open Golf
    → event news: Paris Men's Fashion Week
    → event news: Glastonbury
    → event news: Wimbledon
    → event news: Henley Royal Regatta
    → event news: Tour de France
    → event news: F1 British GP (Silverstone)
    → event news: Haute Couture FW
    → event news: The Open Championship
    → event news: World Aquatics Champs
    → event news: Rolex Fastnet Race
    → 28 events with coverage
──────────────────────────────────────────────────────
✓  Saved → /Users/antoinebernard/news_dashboard/index.html
Morning Brief v4 — 2026-05-23 11:04
──────────────────────────────────────────────────────
  Fetching AFP (Telegram)…
  ⚠  Telegram https://t.me/+5VtjHHeuarNjYTBk: The API access for bot users is restricted. The method you tried to invoke cannot be executed as a bot (caused by CheckChatInviteRequest)
    → 0 AFP messages
  Fetching Tech/VC…
    → 41 articles → 35 stories
  Fetching Macro…
    → 24 articles
  Fetching Culture/Fashion…
    → 31 articles
  Fetching Sports…
    → L'Équipe: 10, BBC Sport: 10
  Fetching conflict news…
    → 79 articles for conflict matching
  Fetching Paris…
    → 10 Paris articles
  Fetching Cities (Marseille & Paris)…
    → 37 city articles
  Fetching calendar event news…
    → event news: F1 Season 2026
    → event news: Venice Biennale
    → event news: Met Gala
    → event news: Frieze New York
    → event news: European Aquatics Champs
    → event news: Cannes Film Festival
    → event news: UEFA Europa League Final
    → event news: F1 Monaco GP
    → event news: Roland Garros
    → event news: UEFA Champions League Final
    → event news: Epsom Derby
    → event news: Prix du Jockey Club
    → event news: FIFA World Cup 2026
    → event news: Vivatech Paris
    → event news: G7 Summit
    → event news: Royal Ascot
    → event news: Art Basel Basel
    → event news: US Open Golf
    → event news: Paris Men's Fashion Week
    → event news: Glastonbury
    → event news: Wimbledon
    → event news: Henley Royal Regatta
    → event news: Tour de France
    → event news: F1 British GP (Silverstone)
    → event news: Haute Couture FW
    → event news: The Open Championship
    → event news: World Aquatics Champs
    → event news: Rolex Fastnet Race
    → 28 events with coverage
──────────────────────────────────────────────────────
✓  Saved → /Users/antoinebernard/news_dashboard/index.html
Morning Brief v4 — 2026-05-23 12:05
──────────────────────────────────────────────────────
  Fetching AFP (Telegram)…
  ⚠  Telegram https://t.me/+5VtjHHeuarNjYTBk: The API access for bot users is restricted. The method you tried to invoke cannot be executed as a bot (caused by CheckChatInviteRequest)
    → 0 AFP messages
  Fetching Tech/VC…
    → 40 articles → 35 stories
  Fetching Macro…
    → 24 articles
  Fetching Culture/Fashion…
    → 31 articles
  Fetching Sports…
    → L'Équipe: 10, BBC Sport: 10
  Fetching conflict news…
    → 80 articles for conflict matching
  Fetching Paris…
    → 10 Paris articles
  Fetching Cities (Marseille & Paris)…
    → 37 city articles
  Fetching calendar event news…
    → event news: F1 Season 2026
    → event news: Venice Biennale
    → event news: Met Gala
    → event news: Frieze New York
    → event news: European Aquatics Champs
    → event news: Cannes Film Festival
    → event news: UEFA Europa League Final
    → event news: F1 Monaco GP
    → event news: Roland Garros
    → event news: UEFA Champions League Final
    → event news: Epsom Derby
    → event news: Prix du Jockey Club
    → event news: FIFA World Cup 2026
    → event news: Vivatech Paris
    → event news: G7 Summit
    → event news: Royal Ascot
    → event news: Art Basel Basel
    → event news: US Open Golf
    → event news: Paris Men's Fashion Week
    → event news: Glastonbury
    → event news: Wimbledon
    → event news: Henley Royal Regatta
    → event news: Tour de France
    → event news: F1 British GP (Silverstone)
    → event news: Haute Couture FW
    → event news: The Open Championship
    → event news: World Aquatics Champs
    → event news: Rolex Fastnet Race
    → 28 events with coverage
──────────────────────────────────────────────────────
✓  Saved → /Users/antoinebernard/news_dashboard/index.html
Morning Brief v4 — 2026-05-23 14:42
──────────────────────────────────────────────────────
  Fetching AFP (Telegram)…
  ⚠  Telegram https://t.me/+5VtjHHeuarNjYTBk: The API access for bot users is restricted. The method you tried to invoke cannot be executed as a bot (caused by CheckChatInviteRequest)
    → 0 AFP messages
  Fetching Tech/VC…
    → 40 articles → 34 stories
  Fetching Macro…
    → 23 articles
  Fetching Culture/Fashion…
    → 31 articles
  Fetching Sports…
    → L'Équipe: 10, BBC Sport: 10
  Fetching conflict news…
    → 83 articles for conflict matching
  Fetching Paris…
    → 10 Paris articles
  Fetching Cities (Marseille & Paris)…
    → 35 city articles
  Fetching calendar event news…
    → event news: F1 Season 2026
    → event news: Venice Biennale
    → event news: Met Gala
    → event news: Frieze New York
    → event news: European Aquatics Champs
    → event news: Cannes Film Festival
    → event news: UEFA Europa League Final
    → event news: F1 Monaco GP
    → event news: Roland Garros
    → event news: UEFA Champions League Final
    → event news: Epsom Derby
    → event news: Prix du Jockey Club
    → event news: FIFA World Cup 2026
    → event news: Vivatech Paris
    → event news: G7 Summit
    → event news: Royal Ascot
    → event news: Art Basel Basel
    → event news: US Open Golf
    → event news: Paris Men's Fashion Week
    → event news: Glastonbury
    → event news: Wimbledon
    → event news: Henley Royal Regatta
    → event news: Tour de France
    → event news: F1 British GP (Silverstone)
    → event news: Haute Couture FW
    → event news: The Open Championship
    → event news: World Aquatics Champs
    → event news: Rolex Fastnet Race
    → 28 events with coverage
──────────────────────────────────────────────────────
✓  Saved → /Users/antoinebernard/news_dashboard/index.html
Morning Brief v4 — 2026-05-23 15:43
──────────────────────────────────────────────────────
  Fetching AFP (Telegram)…
  ⚠  Telegram https://t.me/+5VtjHHeuarNjYTBk: The API access for bot users is restricted. The method you tried to invoke cannot be executed as a bot (caused by CheckChatInviteRequest)
    → 0 AFP messages
  Fetching Tech/VC…
    → 37 articles → 30 stories
  Fetching Macro…
    → 51 articles → 51 stories
  Fetching Culture/Fashion…
    → 35 articles
  Fetching Sports…
    → 84 articles → 81 stories
  Fetching conflict news…
    → 124 articles for conflict matching
  Fetching Paris…
    → 8 Paris articles
  Fetching Cities (Marseille & Paris)…
    → 74 articles → 72 stories
  Fetching calendar event news…
    → event news: F1 Season 2026
    → event news: Venice Biennale
    → event news: Met Gala
    → event news: Frieze New York
    → event news: European Aquatics Champs
    → event news: Cannes Film Festival
    → event news: UEFA Europa League Final
    → event news: F1 Monaco GP
    → event news: Roland Garros
    → event news: UEFA Champions League Final
    → event news: Epsom Derby
    → event news: Prix du Jockey Club
    → event news: FIFA World Cup 2026
    → event news: Vivatech Paris
    → event news: G7 Summit
    → event news: Royal Ascot
    → event news: Art Basel Basel
    → event news: US Open Golf
    → event news: Paris Men's Fashion Week
    → event news: Glastonbury
    → event news: Wimbledon
    → event news: Henley Royal Regatta
    → event news: Tour de France
    → event news: F1 British GP (Silverstone)
    → event news: Haute Couture FW
    → event news: The Open Championship
    → event news: World Aquatics Champs
    → event news: Rolex Fastnet Race
    → 28 events with coverage
──────────────────────────────────────────────────────
✓  Saved → /Users/antoinebernard/news_dashboard/index.html
Morning Brief v4 — 2026-05-23 16:44
──────────────────────────────────────────────────────
  Loading OpenAI…
  Fetching AFP (Telegram)…
  ⚠  Telegram https://t.me/+5VtjHHeuarNjYTBk: The API access for bot users is restricted. The method you tried to invoke cannot be executed as a bot (caused by CheckChatInviteRequest)
    → 0 AFP messages
  Fetching Tech/VC…
    → 38 articles → 31 stories
  Fetching Macro…
    → 129 articles → 122 stories
  Fetching Culture/Fashion…
    → 76 articles
  Fetching Sports…
    → 126 articles → 82 stories
  Fetching conflict news…
    → 234 articles for conflict matching
  Fetching Paris…
    → 20 Paris articles
  Fetching Cities (Marseille & Paris)…
    → 116 articles → 88 stories
  Generating AI headlines…
    → 37 groups enriched
  Fetching calendar event news…
    → event news: F1 Season 2026
    → event news: Venice Biennale
    → event news: Met Gala
    → event news: Frieze New York
    → event news: European Aquatics Champs
    → event news: Cannes Film Festival
    → event news: UEFA Europa League Final
    → event news: F1 Monaco GP
    → event news: Roland Garros
    → event news: UEFA Champions League Final
    → event news: Epsom Derby
    → event news: Prix du Jockey Club
    → event news: FIFA World Cup 2026
    → event news: Vivatech Paris
    → event news: G7 Summit
    → event news: Royal Ascot
    → event news: Art Basel Basel
    → event news: US Open Golf
    → event news: Paris Men's Fashion Week
    → event news: Glastonbury
    → event news: Wimbledon
    → event news: Henley Royal Regatta
    → event news: Tour de France
    → event news: F1 British GP (Silverstone)
    → event news: Haute Couture FW
    → event news: The Open Championship
    → event news: World Aquatics Champs
    → event news: Rolex Fastnet Race
    → 28 events with coverage
──────────────────────────────────────────────────────
✓  Saved → /Users/antoinebernard/news_dashboard/index.html
Morning Brief v4 — 2026-05-23 17:45
──────────────────────────────────────────────────────
  Loading OpenAI…
  Fetching AFP (Telegram)…
  ⚠  Telegram https://t.me/+5VtjHHeuarNjYTBk: The API access for bot users is restricted. The method you tried to invoke cannot be executed as a bot (caused by CheckChatInviteRequest)
    → 0 AFP messages
  Fetching Tech/VC…
    → 34 articles → 27 stories
  Fetching Macro…
    → 127 articles → 119 stories
  Fetching Culture/Fashion…
    → 77 articles
  Fetching Sports…
    → 124 articles → 79 stories
  Fetching conflict news…
    → 231 articles for conflict matching
  Fetching Paris…
    → 21 Paris articles
  Fetching Cities (Marseille & Paris)…
    → 114 articles → 87 stories
  Generating AI headlines…
    → 37 groups enriched
  Fetching calendar event news…
    → event news: F1 Season 2026
    → event news: Venice Biennale
    → event news: Met Gala
    → event news: Frieze New York
    → event news: European Aquatics Champs
    → event news: Cannes Film Festival
    → event news: UEFA Europa League Final
    → event news: F1 Monaco GP
    → event news: Roland Garros
    → event news: UEFA Champions League Final
    → event news: Epsom Derby
    → event news: Prix du Jockey Club
    → event news: FIFA World Cup 2026
    → event news: Vivatech Paris
    → event news: G7 Summit
    → event news: Royal Ascot
    → event news: Art Basel Basel
    → event news: US Open Golf
    → event news: Paris Men's Fashion Week
    → event news: Glastonbury
    → event news: Wimbledon
    → event news: Henley Royal Regatta
    → event news: Tour de France
    → event news: F1 British GP (Silverstone)
    → event news: Haute Couture FW
    → event news: The Open Championship
    → event news: World Aquatics Champs
    → event news: Rolex Fastnet Race
    → 28 events with coverage
──────────────────────────────────────────────────────
✓  Saved → /Users/antoinebernard/news_dashboard/index.html
Morning Brief v4 — 2026-05-23 18:47
──────────────────────────────────────────────────────
  Loading OpenAI…
  Fetching AFP (Telegram)…
  ⚠  Telegram https://t.me/+5VtjHHeuarNjYTBk: The API access for bot users is restricted. The method you tried to invoke cannot be executed as a bot (caused by CheckChatInviteRequest)
    → 0 AFP messages
  Fetching Tech/VC…
    → 33 articles → 26 stories
  Fetching Macro…
    → 118 articles → 110 stories
  Fetching Culture/Fashion…
    → 75 articles
  Fetching Sports…
    → 130 articles → 78 stories
  Fetching conflict news…
    → 223 articles for conflict matching
  Fetching Paris…
    → 20 Paris articles
  Fetching Cities (Marseille & Paris)…
    → 113 articles → 86 stories
  Generating AI headlines…
  ⚠  AI headline: Error code: 401 - {'error': {'message': 'Incorrect API key provided: sk-proj-********************************************************************************************************************************************************eQAA. You can find your API key at https://platform.openai.com/account/api-keys.', 'type': 'invalid_request_error', 'code': 'invalid_api_key', 'param': None}, 'status': 401}
  ⚠  AI headline: Error code: 401 - {'error': {'message': 'Incorrect API key provided: sk-proj-********************************************************************************************************************************************************eQAA. You can find your API key at https://platform.openai.com/account/api-keys.', 'type': 'invalid_request_error', 'code': 'invalid_api_key', 'param': None}, 'status': 401}
  ⚠  AI headline: Error code: 401 - {'error': {'message': 'Incorrect API key provided: sk-proj-********************************************************************************************************************************************************eQAA. You can find your API key at https://platform.openai.com/account/api-keys.', 'type': 'invalid_request_error', 'code': 'invalid_api_key', 'param': None}, 'status': 401}
  ⚠  AI headline: Error code: 401 - {'error': {'message': 'Incorrect API key provided: sk-proj-********************************************************************************************************************************************************eQAA. You can find your API key at https://platform.openai.com/account/api-keys.', 'type': 'invalid_request_error', 'code': 'invalid_api_key', 'param': None}, 'status': 401}
  ⚠  AI headline: Error code: 401 - {'error': {'message': 'Incorrect API key provided: sk-proj-********************************************************************************************************************************************************eQAA. You can find your API key at https://platform.openai.com/account/api-keys.', 'type': 'invalid_request_error', 'code': 'invalid_api_key', 'param': None}, 'status': 401}
  ⚠  AI headline: Error code: 401 - {'error': {'message': 'Incorrect API key provided: sk-proj-********************************************************************************************************************************************************eQAA. You can find your API key at https://platform.openai.com/account/api-keys.', 'type': 'invalid_request_error', 'code': 'invalid_api_key', 'param': None}, 'status': 401}
  ⚠  AI headline: Error code: 401 - {'error': {'message': 'Incorrect API key provided: sk-proj-********************************************************************************************************************************************************eQAA. You can find your API key at https://platform.openai.com/account/api-keys.', 'type': 'invalid_request_error', 'code': 'invalid_api_key', 'param': None}, 'status': 401}
  ⚠  AI headline: Error code: 401 - {'error': {'message': 'Incorrect API key provided: sk-proj-********************************************************************************************************************************************************eQAA. You can find your API key at https://platform.openai.com/account/api-keys.', 'type': 'invalid_request_error', 'code': 'invalid_api_key', 'param': None}, 'status': 401}
  ⚠  AI headline: Error code: 401 - {'error': {'message': 'Incorrect API key provided: sk-proj-********************************************************************************************************************************************************eQAA. You can find your API key at https://platform.openai.com/account/api-keys.', 'type': 'invalid_request_error', 'code': 'invalid_api_key', 'param': None}, 'status': 401}
  ⚠  AI headline: Error code: 401 - {'error': {'message': 'Incorrect API key provided: sk-proj-********************************************************************************************************************************************************eQAA. You can find your API key at https://platform.openai.com/account/api-keys.', 'type': 'invalid_request_error', 'code': 'invalid_api_key', 'param': None}, 'status': 401}
    → 36 groups enriched
  Fetching calendar event news…
    → event news: F1 Season 2026
    → event news: Venice Biennale
    → event news: Met Gala
    → event news: Frieze New York
    → event news: European Aquatics Champs
    → event news: Cannes Film Festival
    → event news: UEFA Europa League Final
    → event news: F1 Monaco GP
    → event news: Roland Garros
    → event news: UEFA Champions League Final
    → event news: Epsom Derby
    → event news: Prix du Jockey Club
    → event news: FIFA World Cup 2026
    → event news: Vivatech Paris
    → event news: G7 Summit
    → event news: Royal Ascot
    → event news: Art Basel Basel
    → event news: US Open Golf
    → event news: Paris Men's Fashion Week
    → event news: Glastonbury
    → event news: Wimbledon
    → event news: Henley Royal Regatta
    → event news: Tour de France
    → event news: F1 British GP (Silverstone)
    → event news: Haute Couture FW
    → event news: The Open Championship
    → event news: World Aquatics Champs
    → event news: Rolex Fastnet Race
    → 28 events with coverage
──────────────────────────────────────────────────────
✓  Saved → /Users/antoinebernard/news_dashboard/index.html
Morning Brief v4 — 2026-05-23 20:06
──────────────────────────────────────────────────────
  Loading OpenAI…
  Fetching AFP (Telegram)…
  ⚠  Telegram https://t.me/+5VtjHHeuarNjYTBk: The API access for bot users is restricted. The method you tried to invoke cannot be executed as a bot (caused by CheckChatInviteRequest)
    → 0 AFP messages
  Fetching Tech/VC…
    → 30 articles → 25 stories
  Fetching Macro…
    → 111 articles → 106 stories
  Fetching Culture/Fashion…
    → 77 articles
  Fetching Sports…
    → 139 articles → 82 stories
  Fetching conflict news…
    → 217 articles for conflict matching
  Fetching Paris…
    → 23 Paris articles
  Fetching Cities (Marseille & Paris)…
    → 111 articles → 86 stories
  Generating AI headlines…
  ⚠  AI headline: Error code: 401 - {'error': {'message': 'Incorrect API key provided: sk-proj-********************************************************************************************************************************************************eQAA. You can find your API key at https://platform.openai.com/account/api-keys.', 'type': 'invalid_request_error', 'code': 'invalid_api_key', 'param': None}, 'status': 401}
  ⚠  AI headline: Error code: 401 - {'error': {'message': 'Incorrect API key provided: sk-proj-********************************************************************************************************************************************************eQAA. You can find your API key at https://platform.openai.com/account/api-keys.', 'type': 'invalid_request_error', 'code': 'invalid_api_key', 'param': None}, 'status': 401}
  ⚠  AI headline: Error code: 401 - {'error': {'message': 'Incorrect API key provided: sk-proj-********************************************************************************************************************************************************eQAA. You can find your API key at https://platform.openai.com/account/api-keys.', 'type': 'invalid_request_error', 'code': 'invalid_api_key', 'param': None}, 'status': 401}
  ⚠  AI headline: Error code: 401 - {'error': {'message': 'Incorrect API key provided: sk-proj-********************************************************************************************************************************************************eQAA. You can find your API key at https://platform.openai.com/account/api-keys.', 'type': 'invalid_request_error', 'code': 'invalid_api_key', 'param': None}, 'status': 401}
  ⚠  AI headline: Error code: 401 - {'error': {'message': 'Incorrect API key provided: sk-proj-********************************************************************************************************************************************************eQAA. You can find your API key at https://platform.openai.com/account/api-keys.', 'type': 'invalid_request_error', 'code': 'invalid_api_key', 'param': None}, 'status': 401}
  ⚠  AI headline: Error code: 401 - {'error': {'message': 'Incorrect API key provided: sk-proj-********************************************************************************************************************************************************eQAA. You can find your API key at https://platform.openai.com/account/api-keys.', 'type': 'invalid_request_error', 'code': 'invalid_api_key', 'param': None}, 'status': 401}
  ⚠  AI headline: Error code: 401 - {'error': {'message': 'Incorrect API key provided: sk-proj-********************************************************************************************************************************************************eQAA. You can find your API key at https://platform.openai.com/account/api-keys.', 'type': 'invalid_request_error', 'code': 'invalid_api_key', 'param': None}, 'status': 401}
  ⚠  AI headline: Error code: 401 - {'error': {'message': 'Incorrect API key provided: sk-proj-********************************************************************************************************************************************************eQAA. You can find your API key at https://platform.openai.com/account/api-keys.', 'type': 'invalid_request_error', 'code': 'invalid_api_key', 'param': None}, 'status': 401}
  ⚠  AI headline: Error code: 401 - {'error': {'message': 'Incorrect API key provided: sk-proj-********************************************************************************************************************************************************eQAA. You can find your API key at https://platform.openai.com/account/api-keys.', 'type': 'invalid_request_error', 'code': 'invalid_api_key', 'param': None}, 'status': 401}
  ⚠  AI headline: Error code: 401 - {'error': {'message': 'Incorrect API key provided: sk-proj-********************************************************************************************************************************************************eQAA. You can find your API key at https://platform.openai.com/account/api-keys.', 'type': 'invalid_request_error', 'code': 'invalid_api_key', 'param': None}, 'status': 401}
  ⚠  AI headline: Error code: 401 - {'error': {'message': 'Incorrect API key provided: sk-proj-********************************************************************************************************************************************************eQAA. You can find your API key at https://platform.openai.com/account/api-keys.', 'type': 'invalid_request_error', 'code': 'invalid_api_key', 'param': None}, 'status': 401}
  ⚠  AI headline: Error code: 401 - {'error': {'message': 'Incorrect API key provided: sk-proj-********************************************************************************************************************************************************eQAA. You can find your API key at https://platform.openai.com/account/api-keys.', 'type': 'invalid_request_error', 'code': 'invalid_api_key', 'param': None}, 'status': 401}
  ⚠  AI headline: Error code: 401 - {'error': {'message': 'Incorrect API key provided: sk-proj-********************************************************************************************************************************************************eQAA. You can find your API key at https://platform.openai.com/account/api-keys.', 'type': 'invalid_request_error', 'code': 'invalid_api_key', 'param': None}, 'status': 401}
  ⚠  AI headline: Error code: 401 - {'error': {'message': 'Incorrect API key provided: sk-proj-********************************************************************************************************************************************************eQAA. You can find your API key at https://platform.openai.com/account/api-keys.', 'type': 'invalid_request_error', 'code': 'invalid_api_key', 'param': None}, 'status': 401}
  ⚠  AI headline: Error code: 401 - {'error': {'message': 'Incorrect API key provided: sk-proj-********************************************************************************************************************************************************eQAA. You can find your API key at https://platform.openai.com/account/api-keys.', 'type': 'invalid_request_error', 'code': 'invalid_api_key', 'param': None}, 'status': 401}
  ⚠  AI headline: Error code: 401 - {'error': {'message': 'Incorrect API key provided: sk-proj-********************************************************************************************************************************************************eQAA. You can find your API key at https://platform.openai.com/account/api-keys.', 'type': 'invalid_request_error', 'code': 'invalid_api_key', 'param': None}, 'status': 401}
  ⚠  AI headline: Error code: 401 - {'error': {'message': 'Incorrect API key provided: sk-proj-********************************************************************************************************************************************************eQAA. You can find your API key at https://platform.openai.com/account/api-keys.', 'type': 'invalid_request_error', 'code': 'invalid_api_key', 'param': None}, 'status': 401}
    → 34 groups enriched
  Fetching calendar event news…
    → event news: F1 Season 2026
    → event news: Venice Biennale
    → event news: Met Gala
    → event news: Frieze New York
    → event news: European Aquatics Champs
    → event news: Cannes Film Festival
    → event news: UEFA Europa League Final
    → event news: F1 Monaco GP
    → event news: Roland Garros
    → event news: UEFA Champions League Final
    → event news: Epsom Derby
    → event news: Prix du Jockey Club
    → event news: FIFA World Cup 2026
    → event news: Vivatech Paris
    → event news: G7 Summit
    → event news: Royal Ascot
    → event news: Art Basel Basel
    → event news: US Open Golf
    → event news: Paris Men's Fashion Week
    → event news: Glastonbury
    → event news: Wimbledon
    → event news: Henley Royal Regatta
    → event news: Tour de France
    → event news: F1 British GP (Silverstone)
    → event news: Haute Couture FW
    → event news: The Open Championship
    → event news: World Aquatics Champs
    → event news: Rolex Fastnet Race
    → 28 events with coverage
──────────────────────────────────────────────────────
✓  Saved → /Users/antoinebernard/news_dashboard/index.html
